trajectory_id,experiment_id,time_s,x_m,y_m,z_m,vx_mps,vy_mps,vz_mps,speed_mps,kinetic_j,rotational_j,total_energy_j,omega_x_radps,omega_y_radps,omega_z_radps,source_trajectory_id,segment_id,segment_index,raw_z_m,z_offset_applied_m
RF16W200r1_seg00,chant_sura_2020_rf16_contact_subset,0,2793260.85,1180275.93,2381.11579072,1.17599999905,-4.33600000013,-4.23375,6.17320913799,4001.39366144,297.614171541,4299.00783298,8.01718014557,-0.349406735018,0.847950491081,RF16W200r1,RF16W200r1_seg00,0,2380.85,0.265790716577
RF16W200r1_seg00,chant_sura_2020_rf16_contact_subset,0.005,2793260.85588,1180275.90832,2381.09449934,1.17599999905,-4.33600000013,-4.2828,6.20695157375,4045.25602308,300.607008029,4345.86303111,8.05766019414,-0.35153726389,0.847950491081,RF16W200r1,RF16W200r1_seg00,0,2380.82870863,0.265790716577
RF16W200r1_seg00,chant_sura_2020_rf16_contact_subset,0.01,2793260.86176,1180275.88664,2381.07296272,1.17599999905,-4.33600000013,-4.33185,6.24089708466,4089.62362424,303.138013985,4392.76163823,8.0917486561,-0.357928850507,0.845819962209,RF16W200r1,RF16W200r1_seg00,0,2380.807172,0.265790716577
RF16W200r1_seg00,chant_sura_2020_rf16_contact_subset,0.015,2793260.86764,1180275.86496,2381.05118084,1.17599999905,-4.33600000013,-4.3809,6.27504237506,4134.49646493,304.37966274,4438.87612767,8.10879288707,-0.360059379379,0.839428375593,RF16W200r1,RF16W200r1_seg00,0,2380.78539013,0.265790716577
RF16W200r1_seg00,chant_sura_2020_rf16_contact_subset,0.02,2793260.87352,1180275.84328,2381.02915372,1.17599999905,-4.33600000013,-4.42995,6.30938420144,4179.87454514,304.841271878,4484.71581702,8.11518447369,-0.357928850507,0.837297846721,RF16W200r1,RF16W200r1_seg00,0,2380.763363,0.265790716577
RF16W200r1_seg00,chant_sura_2020_rf16_contact_subset,0.025,2793260.8794,1180275.8216,2381.00688134,1.17599999905,-4.33600000013,-4.479,6.34391937203,4225.75786488,305.262656616,4531.02052149,8.12157606031,-0.355798321635,0.826645202361,RF16W200r1,RF16W200r1_seg00,0,2380.74109063,0.265790716577
RF16W200r1_seg00,chant_sura_2020_rf16_contact_subset,0.03,2793260.88528,1180275.79992,2380.98436372,1.17599999905,-4.33600000013,-4.52805,6.37864474644,4272.14642414,305.358449895,4577.50487404,8.12370658918,-0.349406735018,0.815992558,RF16W200r1,RF16W200r1_seg00,0,2380.718573,0.265790716577
RF16W200r1_seg00,chant_sura_2020_rf16_contact_subset,0.035,2793260.89116,1180275.77824,2380.96160084,1.17599999905,-4.33600000013,-4.5771,6.41355723517,4319.04022293,305.161170522,4624.20139345,8.12157606031,-0.345145677274,0.809600971384,RF16W200r1,RF16W200r1_seg00,0,2380.69581013,0.265790716577
RF16W200r1_seg00,chant_sura_2020_rf16_contact_subset,0.04,2793260.89704,1180275.75656,2380.93859272,1.17599999905,-4.33600000013,-4.62615,6.44865379915,4366.43926124,305.406245424,4671.84550667,8.12583711805,-0.343015148402,0.79468726928,RF16W200r1,RF16W200r1_seg00,0,2380.672802,0.265790716577
RF16W200r1_seg00,chant_sura_2020_rf16_contact_subset,0.045,2793260.90292,1180275.73488,2380.91533934,1.17599999905,-4.33600000013,-4.6752,6.48393144927,4414.34353908,305.079945164,4719.42348424,8.12157606031,-0.338754090658,0.79468726928,RF16W200r1,RF16W200r1_seg00,0,2380.64954863,0.265790716577
RF16W200r1_seg00,chant_sura_2020_rf16_contact_subset,0.05,2793260.9088,1180275.7132,2380.89184072,1.17599999905,-4.33600000013,-4.72425,6.51938724585,4462.75305644,304.689485471,4767.44254191,8.11731500256,-0.325970917426,0.784034624919,RF16W200r1,RF16W200r1_seg00,0,2380.62605,0.265790716577
RF16W200r1_seg00,chant_sura_2020_rf16_contact_subset,0.055,2793260.91468,1180275.69152,2380.86809684,1.17599999905,-4.33600000013,-4.7733,6.55501829813,4511.66781333,304.660833793,4816.32864712,8.11731500256,-0.325970917426,0.777643038303,RF16W200r1,RF16W200r1_seg00,0,2380.60230612,0.265790716577
RF16W200r1_seg00,chant_sura_2020_rf16_contact_subset,0.06,2793260.92056,1180275.66984,2380.84410772,1.17599999905,-4.33600000013,-4.82235,6.59082176374,4561.08780974,304.773468891,4865.86127863,8.11944553143,-0.311057215321,0.773381980559,RF16W200r1,RF16W200r1_seg00,0,2380.578317,0.265790716577
RF16W200r1_seg00,chant_sura_2020_rf16_contact_subset,0.065,2793260.92644,1180275.64816,2380.81987334,1.17599999905,-4.33600000013,-4.8714,6.6267948481,4611.01304568,304.543295463,4915.55634114,8.11731500256,-0.302535099833,0.760598807327,RF16W200r1,RF16W200r1_seg00,0,2380.55408262,0.265790716577
RF16W200r1_seg00,chant_sura_2020_rf16_contact_subset,0.07,2793260.93232,1180275.62648,2380.79539372,1.17599999905,-4.33600000013,-4.92045,6.66293480392,4661.44352114,304.857402798,4966.30092394,8.12157606031,-0.300404570961,0.760598807327,RF16W200r1,RF16W200r1_seg00,0,2380.529603,0.265790716577
RF16W200r1_seg00,chant_sura_2020_rf16_contact_subset,0.075,2793260.9382,1180275.6048,2380.77066884,1.17599999905,-4.33600000013,-4.9695,6.69923893057,4712.37923613,304.964870431,5017.34410656,8.12370658918,-0.291882455473,0.752076691838,RF16W200r1,RF16W200r1_seg00,0,2380.50487812,0.265790716577
RF16W200r1_seg00,chant_sura_2020_rf16_contact_subset,0.08,2793260.94408,1180275.58312,2380.74569872,1.17599999905,-4.33600000013,-5.01855,6.73570457349,4763.82019064,304.780477147,5068.60066779,8.12157606031,-0.287621397729,0.747815634094,RF16W200r1,RF16W200r1_seg00,0,2380.479908,0.265790716577
RF16W200r1_seg00,chant_sura_2020_rf16_contact_subset,0.085,2793260.94996,1180275.56144,2380.72048334,1.17599999905,-4.33600000013,-5.0676,6.77232912364,4815.76638468,305.030164462,5120.79654914,8.12583711805,-0.27909928224,0.735032460862,RF16W200r1,RF16W200r1_seg00,0,2380.45469263,0.265790716577
RF16W200r1_seg00,chant_sura_2020_rf16_contact_subset,0.09,2793260.95584,1180275.53976,2380.69502272,1.17599999905,-4.33600000013,-5.11665,6.80911001683,4868.21781824,305.182432427,5173.40025067,8.12796764692,-0.274838224496,0.735032460862,RF16W200r1,RF16W200r1_seg00,0,2380.429232,0.265790716577
RF16W200r1_seg00,chant_sura_2020_rf16_contact_subset,0.095,2793260.96172,1180275.51808,2380.66931684,1.17599999905,-4.33600000013,-5.1657,6.84604473319,4921.17449133,305.299093614,5226.47358494,8.13009817579,-0.270577166752,0.726510345374,RF16W200r1,RF16W200r1_seg00,0,2380.40352613,0.265790716577
RF16W200r1_seg00,chant_sura_2020_rf16_contact_subset,0.1,2793260.9676,1180275.4964,2380.64336572,1.17599999905,-4.33600000013,-5.21475,6.88313079647,4974.63640394,305.094079981,5279.73048392,8.12796764692,-0.25779399352,0.720118758757,RF16W200r1,RF16W200r1_seg00,0,2380.377575,0.265790716577
RF16W200r1_seg00,chant_sura_2020_rf16_contact_subset,0.105,2793260.97348,1180275.47472,2380.61716934,1.17599999905,-4.33600000013,-5.2638,6.92036577349,5028.60355608,305.211887756,5333.81544383,8.13009817579,-0.253532935776,0.711596643269,RF16W200r1,RF16W200r1_seg00,0,2380.35137863,0.265790716577
RF16W200r1_seg00,chant_sura_2020_rf16_contact_subset,0.11,2793260.97936,1180275.45304,2380.59072772,1.17599999905,-4.33600000013,-5.31285,6.95774727346,5083.07594774,305.315626372,5388.39157411,8.13222870467,-0.245010820287,0.700943998909,RF16W200r1,RF16W200r1_seg00,0,2380.324937,0.265790716577
RF16W200r1_seg00,chant_sura_2020_rf16_contact_subset,0.115,2793260.98524,1180275.43136,2380.56404084,1.17599999905,-4.33600000013,-5.3619,6.99527294742,5138.05357893,305.43741333,5443.49099226,8.13435923354,-0.236488704799,0.694552412293,RF16W200r1,RF16W200r1_seg00,0,2380.29825012,0.265790716577
RF16W200r1_seg00,chant_sura_2020_rf16_contact_subset,0.12,2793260.99112,1180275.40968,2380.53710872,1.17599999905,-4.33600000013,-5.41095,7.03294048754,5193.53644964,305.261202516,5498.79765216,8.13222870467,-0.230097118183,0.692421883421,RF16W200r1,RF16W200r1_seg00,0,2380.271318,0.265790716577
RF16W200r1_seg00,chant_sura_2020_rf16_contact_subset,0.125,2793260.997,1180275.388,2380.50993134,1.17599999905,-4.33600000013,-5.46,7.07074762658,5249.52455988,305.046309982,5554.57086986,8.13009817579,-0.219444473823,0.68176923906,RF16W200r1,RF16W200r1_seg00,0,2380.24414062,0.265790716577
RF16W200r1_seg00,chant_sura_2020_rf16_contact_subset,0.13,2793261.00288,1180275.36632,2380.48250872,1.17599999905,-4.33600000013,-5.50905,7.10869213719,5306.01790964,305.353608149,5611.37151779,8.13435923354,-0.21731394495,0.679638710188,RF16W200r1,RF16W200r1_seg00,0,2380.216718,0.265790716577
RF16W200r1_seg00,chant_sura_2020_rf16_contact_subset,0.135,2793261.00876,1180275.34464,2380.45484084,1.17599999905,-4.33600000013,-5.5581,7.14677183131,5363.01649893,305.482733273,5668.4992322,8.13648976241,-0.213052887206,0.673247123572,RF16W200r1,RF16W200r1_seg00,0,2380.18905012,0.265790716577
RF16W200r1_seg00,chant_sura_2020_rf16_contact_subset,0.14,2793261.01464,1180275.32296,2380.42692772,1.17599999905,-4.33600000013,-5.60715,7.18498455958,5420.52032774,305.281333998,5725.80166174,8.13435923354,-0.198139185102,0.666855536956,RF16W200r1,RF16W200r1_seg00,0,2380.161137,0.265790716577
RF16W200r1_seg00,chant_sura_2020_rf16_contact_subset,0.145,2793261.02052,1180275.30128,2380.39876934,1.17599999905,-4.33600000013,-5.6562,7.22332821066,5478.52939608,305.427605829,5783.95700191,8.13648976241,-0.193878127358,0.664725008084,RF16W200r1,RF16W200r1_seg00,0,2380.13297862,0.265790716577
RF16W200r1_seg00,chant_sura_2020_rf16_contact_subset,0.15,2793261.0264,1180275.2796,2380.37036572,1.17599999905,-4.33600000013,-5.70525,7.26180071066,5537.04370394,305.551052735,5842.59475668,8.13862029128,-0.183225482997,0.658333421468,RF16W200r1,RF16W200r1_seg00,0,2380.104575,0.265790716577
RF16W200r1_seg00,chant_sura_2020_rf16_contact_subset,0.155,2793261.03228,1180275.25792,2380.34171684,1.17599999905,-4.33600000013,-5.7543,7.30040002252,5596.06325133,305.369142855,5901.43239418,8.13648976241,-0.176833896381,0.654072363723,RF16W200r1,RF16W200r1_seg00,0,2380.07592613,0.265790716577
RF16W200r1_seg00,chant_sura_2020_rf16_contact_subset,0.16,2793261.03816,1180275.23624,2380.31282272,1.17599999905,-4.33600000013,-5.80335,7.33912414538,5655.58803824,305.635505216,5961.22354346,8.14075082015,-0.164050723149,0.643419719363,RF16W200r1,RF16W200r1_seg00,0,2380.047032,0.265790716577
RF16W200r1_seg00,chant_sura_2020_rf16_contact_subset,0.165,2793261.04404,1180275.21456,2380.28368334,1.17599999905,-4.33600000013,-5.8524,7.37797111399,5715.61806468,304.996588177,6020.61465286,8.13222870467,-0.161920194277,0.643419719363,RF16W200r1,RF16W200r1_seg00,0,2380.01789263,0.265790716577
RF16W200r1_seg00,chant_sura_2020_rf16_contact_subset,0.17,2793261.04992,1180275.19288,2380.25429872,1.17599999905,-4.33600000013,-5.90145,7.41693899809,5776.15333064,305.448954258,6081.6022849,8.13862029128,-0.151267549917,0.639158661619,RF16W200r1,RF16W200r1_seg00,0,2379.988508,0.265790716577
RF16W200r1_seg00,chant_sura_2020_rf16_contact_subset,0.175,2793261.0558,1180275.1712,2380.22466884,1.17599999905,-4.33600000013,-5.9505,7.45602590184,5837.19383613,305.591517919,6142.78535405,8.14075082015,-0.140614905556,0.637028132747,RF16W200r1,RF16W200r1_seg00,0,2379.95887812,0.265790716577
RF16W200r1_seg00,chant_sura_2020_rf16_contact_subset,0.18,2793261.06168,1180275.14952,2380.19479372,1.17599999905,-4.33600000013,-5.99955,7.49522996321,5898.73958114,305.544612034,6204.28419318,8.14075082015,-0.129962261196,0.626375488387,RF16W200r1,RF16W200r1_seg00,0,2379.929003,0.265790716577
RF16W200r1_seg00,chant_sura_2020_rf16_contact_subset,0.185,2793261.06756,1180275.12784,2380.16467334,1.17599999905,-4.33600000013,-6.0486,7.5345493534,5960.79056568,305.700820095,6266.49138577,8.14288134903,-0.125701203452,0.626375488387,RF16W200r1,RF16W200r1_seg00,0,2379.89888263,0.265790716577
RF16W200r1_seg00,chant_sura_2020_rf16_contact_subset,0.19,2793261.07344,1180275.10616,2380.13430772,1.17599999905,-4.33600000013,-6.09765,7.57398227628,6023.34678974,305.825864408,6329.17265415,8.1450118779,-0.108656972475,0.61998390177,RF16W200r1,RF16W200r1_seg00,0,2379.868517,0.265790716577
RF16W200r1_seg00,chant_sura_2020_rf16_contact_subset,0.195,2793261.07932,1180275.08448,2380.10369684,1.17599999905,-4.33600000013,-6.1467,7.61352696776,6086.40825333,305.821994673,6392.230248,8.1450118779,-0.102265385859,0.61998390177,RF16W200r1,RF16W200r1_seg00,0,2379.83790612,0.265790716577
RF16W200r1_seg00,chant_sura_2020_rf16_contact_subset,0.2,2793261.0852,1180275.0628,2380.07284072,1.17599999905,-4.33600000013,-6.19575,7.6531816953,6149.97495644,305.474722265,6455.44967871,8.14075082015,-0.0916127414987,0.613592315154,RF16W200r1,RF16W200r1_seg00,0,2379.80705,0.265790716577
RF16W200r1_seg00,chant_sura_2020_rf16_contact_subset,0.205,2793261.09108,1180275.04112,2380.04173934,1.17599999905,-4.33600000013,-6.2448,7.6929447573,6214.04689908,305.637301709,6519.68420079,8.14288134903,-0.0830906260105,0.615722844026,RF16W200r1,RF16W200r1_seg00,0,2379.77594863,0.265790716577
RF16W200r1_seg00,chant_sura_2020_rf16_contact_subset,0.21,2793261.09696,1180275.01944,2380.01039272,1.17599999905,-4.33600000013,-6.29385,7.73281448254,6278.62408124,305.468468147,6584.09254939,8.14075082015,-0.0788295682663,0.613592315154,RF16W200r1,RF16W200r1_seg00,0,2379.744602,0.265790716577
RF16W200r1_seg00,chant_sura_2020_rf16_contact_subset,0.215,2793261.10284,1180274.99776,2379.97880084,1.17599999905,-4.33600000013,-6.3429,7.77278922967,6343.70650293,305.62330812,6649.32981105,8.14288134903,-0.068176923906,0.613592315154,RF16W200r1,RF16W200r1_seg00,0,2379.71301012,0.265790716577
RF16W200r1_seg00,chant_sura_2020_rf16_contact_subset,0.22,2793261.10872,1180274.97608,2379.94696372,1.17599999905,-4.33600000013,-6.39195,7.81286738665,6409.29416414,305.75575314,6715.04991728,8.1450118779,-0.0553937506736,0.607200728538,RF16W200r1,RF16W200r1_seg00,0,2379.681173,0.265790716577
RF16W200r1_seg00,chant_sura_2020_rf16_contact_subset,0.225,2793261.1146,1180274.9544,2379.91488134,1.17599999905,-4.33600000013,-6.441,7.85304737022,6475.38706488,305.906454972,6781.29351985,8.14714240677,-0.0511326929295,0.605070199666,RF16W200r1,RF16W200r1_seg00,0,2379.64909063,0.265790716577
RF16W200r1_seg00,chant_sura_2020_rf16_contact_subset,0.23,2793261.12048,1180274.93272,2379.88255372,1.17599999905,-4.33600000013,-6.49005,7.89332762536,6541.98520514,305.903653648,6847.88885879,8.14714240677,-0.0404800485692,0.605070199666,RF16W200r1,RF16W200r1_seg00,0,2379.616763,0.265790716577
RF16W200r1_seg00,chant_sura_2020_rf16_contact_subset,0.235,2793261.12636,1180274.91104,2379.84998084,1.17599999905,-4.33600000013,-6.5391,7.93370662483,6609.08858493,305.726984197,6914.81556913,8.1450118779,-0.0276968753368,0.600809141922,RF16W200r1,RF16W200r1_seg00,0,2379.58419013,0.265790716577
RF16W200r1_seg00,chant_sura_2020_rf16_contact_subset,0.24,2793261.13224,1180274.88936,2379.81716272,1.17599999905,-4.33600000013,-6.58815,7.97418286857,6676.69720424,305.57406997,6982.27127421,8.14288134903,-0.0213052887206,0.602939670794,RF16W200r1,RF16W200r1_seg00,0,2379.551372,0.265790716577
RF16W200r1_seg00,chant_sura_2020_rf16_contact_subset,0.245,2793261.13812,1180274.86768,2379.78409934,1.17599999905,-4.33600000013,-6.6372,8.01475488327,6744.81106308,305.710462902,7050.52152598,8.1450118779,-0.0106526443603,0.596548084178,RF16W200r1,RF16W200r1_seg00,0,2379.51830862,0.265790716577
RF16W200r1_seg00,chant_sura_2020_rf16_contact_subset,0.25,2793261.144,1180274.846,2379.75079072,1.17599999905,-4.33600000013,-6.68625,8.05542122184,6813.43016144,297.922105909,7111.35226735,8.0384854343,-0.172572838637,0.60933125741,RF16W200r1,RF16W200r1_seg00,0,2379.485,0.265790716577
RF16W200r1_seg01,chant_sura_2020_rf16_contact_subset,0,2793261.419,1180274.38,2379.40679072,1.82363636326,-1.96636363631,1.37186363636,3.0123488132,952.795764101,498.986960762,1451.78272486,10.3160207985,1.24209833241,-1.42106275767,RF16W200r1,RF16W200r1_seg01,1,2379.141,0.265790716577
RF16W200r1_seg01,chant_sura_2020_rf16_contact_subset,0.022,2793261.45912,1180274.33674,2379.4345977,1.82363636326,-1.96636363631,1.15604363636,2.92038908791,895.510604603,475.451361424,1370.96196603,10.0156162276,1.3422331894,-1.82586324336,RF16W200r1,RF16W200r1_seg01,1,2379.16880698,0.265790716577
RF16W200r1_seg01,chant_sura_2020_rf16_contact_subset,0.044,2793261.49924,1180274.29348,2379.45765664,1.82363636326,-1.96636363631,0.940223636363,2.84187544097,848.006882309,474.234525362,1322.24140767,9.98791935223,1.71507574201,-1.62985458713,RF16W200r1,RF16W200r1_seg01,1,2379.19186592,0.265790716577
RF16W200r1_seg01,chant_sura_2020_rf16_contact_subset,0.066,2793261.53936,1180274.25022,2379.47596754,1.82363636326,-1.96636363631,0.724403636363,2.77794819318,810.284597219,473.067139905,1283.35173712,9.95809194802,2.04104665944,-1.40614905556,RF16W200r1,RF16W200r1_seg01,1,2379.21017682,0.265790716577
RF16W200r1_seg01,chant_sura_2020_rf16_contact_subset,0.088,2793261.57948,1180274.20696,2379.4895304,1.82363636326,-1.96636363631,0.508583636363,2.7296323655,782.343749333,471.639522057,1253.98327139,9.9218729572,2.35210387476,-1.12491924445,RF16W200r1,RF16W200r1_seg01,1,2379.22373968,0.265790716577
RF16W200r1_seg01,chant_sura_2020_rf16_contact_subset,0.11,2793261.6196,1180274.1637,2379.49834522,1.82363636326,-1.96636363631,0.292763636363,2.69776686954,764.184338651,470.264064974,1234.44840362,9.8835234375,2.62268104151,-0.809600971384,RF16W200r1,RF16W200r1_seg01,1,2379.2325545,0.265790716577
RF16W200r1_seg01,chant_sura_2020_rf16_contact_subset,0.132,2793261.65972,1180274.12044,2379.502412,1.82363636326,-1.96636363631,0.076943636363,2.68293791557,755.806365173,468.291485819,1224.09785099,9.83665180232,2.84638657308,-0.472977409598,RF16W200r1,RF16W200r1_seg01,1,2379.23662128,0.265790716577
RF16W200r1_seg01,chant_sura_2020_rf16_contact_subset,0.154,2793261.69984,1180274.07718,2379.50173074,1.82363636326,-1.96636363631,-0.138876363637,2.68542774619,757.209828899,466.250839997,1223.4606689,9.78338858052,3.04665628705,-0.068176923906,RF16W200r1,RF16W200r1_seg01,1,2379.23594002,0.265790716577
RF16W200r1_seg01,chant_sura_2020_rf16_contact_subset,0.176,2793261.73996,1180274.03392,2379.49630144,1.82363636326,-1.96636363631,-0.354696363637,2.70518854167,768.394729829,464.366835187,1232.76156502,9.73225588759,3.18087960599,0.33023197517,RF16W200r1,RF16W200r1_seg01,1,2379.23051072,0.265790716577
RF16W200r1_seg01,chant_sura_2020_rf16_contact_subset,0.198,2793261.78008,1180273.99066,2379.4861241,1.82363636326,-1.96636363631,-0.570516363637,2.74184690615,789.361067963,462.731176218,1252.09224418,9.6853842524,3.25544811651,0.717988229885,RF16W200r1,RF16W200r1_seg01,1,2379.22033338,0.265790716577
RF16W200r1_seg01,chant_sura_2020_rf16_contact_subset,0.22,2793261.8202,1180273.9474,2379.47119872,1.82363636326,-1.96636363631,-0.786336363637,2.79473798636,820.108843301,461.18898778,1281.29783108,9.63851261721,3.28314499185,1.11639712896,RF16W200r1,RF16W200r1_seg01,1,2379.205408,0.265790716577
RF16W200r1_seg01,chant_sura_2020_rf16_contact_subset,0.242,2793261.86032,1180273.90414,2379.4515253,1.82363636326,-1.96636363631,-1.00215636364,2.86296226185,860.638055843,458.678505053,1319.3165609,9.57246622218,3.27036181862,1.57659136533,RF16W200r1,RF16W200r1_seg01,1,2379.18573458,0.265790716577
RF16W200r1_seg01,chant_sura_2020_rf16_contact_subset,0.264,2793261.90044,1180273.86088,2379.42710384,1.82363636326,-1.96636363631,-1.21797636364,2.94545445695,910.948705589,457.593638718,1368.54234431,9.52985564474,3.1957933081,1.97286973553,RF16W200r1,RF16W200r1_seg01,1,2379.16131312,0.265790716577
RF16W200r1_seg01,chant_sura_2020_rf16_contact_subset,0.286,2793261.94056,1180273.81762,2379.39793434,1.82363636326,-1.96636363631,-1.43379636364,3.04105369042,971.040792539,455.570583584,1426.61137612,9.47659242294,3.07861422013,2.35423440363,RF16W200r1,RF16W200r1_seg01,1,2379.13214362,0.265790716577
RF16W200r1_seg01,chant_sura_2020_rf16_contact_subset,0.308,2793261.98068,1180273.77436,2379.3640168,1.82363636326,-1.96636363631,-1.64961636364,3.14856629004,1040.91431669,454.842264569,1495.75658126,9.43824290324,2.90178032375,2.73986012947,RF16W200r1,RF16W200r1_seg01,1,2379.09822608,0.265790716577
RF16W200r1_seg01,chant_sura_2020_rf16_contact_subset,0.33,2793262.0208,1180273.7311,2379.32535122,1.82363636326,-1.96636363631,-1.86543636364,3.26681624252,1120.56927805,453.715648329,1574.28492638,9.39776285467,2.69511902316,3.080744749,RF16W200r1,RF16W200r1_seg01,1,2379.0595605,0.265790716577
RF16W200r1_seg01,chant_sura_2020_rf16_contact_subset,0.352,2793262.06092,1180273.68784,2379.2819376,1.82363636326,-1.96636363631,-2.08125636364,3.39468166207,1210.00567661,452.402259576,1662.40793619,9.35515227723,2.42241132754,3.42162936853,RF16W200r1,RF16W200r1_seg01,1,2379.01614688,0.265790716577
RF16W200r1_seg01,chant_sura_2020_rf16_contact_subset,0.374,2793262.10104,1180273.64458,2379.23377594,1.82363636326,-1.96636363631,-2.29707636364,3.53111814529,1309.22351238,451.585193268,1760.80870565,9.32319434415,2.13692045868,3.6985981219,RF16W200r1,RF16W200r1_seg01,1,2378.96798522,0.265790716577
RF16W200r1_seg01,chant_sura_2020_rf16_contact_subset,0.396,2793262.14116,1180273.60132,2379.18086624,1.82363636326,-1.96636363631,-2.51289636364,3.67517124363,1418.22278535,451.228381553,1869.4511669,9.29762799768,1.80668848351,3.95213105768,RF16W200r1,RF16W200r1_seg01,1,2378.91507552,0.265790716577
RF16W200r1_seg01,chant_sura_2020_rf16_contact_subset,0.418,2793262.18128,1180273.55806,2379.1232085,1.82363636326,-1.96636363631,-2.72871636364,3.82598072771,1537.00349552,450.622081267,1987.62557679,9.27419218009,1.42745434428,4.16305341601,RF16W200r1,RF16W200r1_seg01,1,2378.85741778,0.265790716577
RF16W200r1_seg01,chant_sura_2020_rf16_contact_subset,0.44,2793262.2214,1180273.5148,2379.06080272,1.82363636326,-1.96636363631,-2.94453636364,3.98277917193,1665.5656429,449.970237765,2115.53588067,9.25501742024,1.02052332972,4.32071255254,RF16W200r1,RF16W200r1_seg01,1,2378.795012,0.265790716577
RF16W200r1_seg01,chant_sura_2020_rf16_contact_subset,0.462,2793262.26152,1180273.47154,2378.9936489,1.82363636326,-1.96636363631,-3.16035636364,4.14488695633,1803.90922748,449.872556741,2253.78178422,9.24649530476,0.61998390177,4.42084740953,RF16W200r1,RF16W200r1_seg01,1,2378.72785818,0.265790716577
RF16W200r1_seg01,chant_sura_2020_rf16_contact_subset,0.484,2793262.30164,1180273.42828,2378.92174704,1.82363636326,-1.96636363631,-3.37617636364,4.31170527448,1952.03424927,450.163262599,2402.19751187,9.24436477588,0.191747598486,4.47837168908,RF16W200r1,RF16W200r1_seg01,1,2378.65595632,0.265790716577
RF16W200r1_seg01,chant_sura_2020_rf16_contact_subset,0.506,2793262.34176,1180273.38502,2378.84509714,1.82363636326,-1.96636363631,-3.59199636364,4.48270826755,2109.94070826,449.749679199,2559.69038746,9.24223424701,-0.225836060439,4.46771904472,RF16W200r1,RF16W200r1_seg01,1,2378.57930642,0.265790716577
RF16W200r1_seg01,chant_sura_2020_rf16_contact_subset,0.528,2793262.38188,1180273.34176,2378.7636992,1.82363636326,-1.96636363631,-3.80781636364,4.65743502314,2277.62860445,450.373055082,2728.00165954,9.25501742024,-0.617853372898,4.41232529404,RF16W200r1,RF16W200r1_seg01,1,2378.49790848,0.265790716577
RF16W200r1_seg01,chant_sura_2020_rf16_contact_subset,0.55,2793262.422,1180273.2985,2378.67755322,1.82363636326,-1.96636363631,-4.02363636364,4.83548189143,2455.09793785,450.688418268,2905.78635612,9.26780059348,-1.02052332972,4.30579885044,RF16W200r1,RF16W200r1_seg01,1,2378.4117625,0.265790716577
RF16W200r1_seg01,chant_sura_2020_rf16_contact_subset,0.572,2793262.46212,1180273.25524,2378.5866592,1.82363636326,-1.96636363631,-4.23945636364,5.01649536976,2642.34870845,451.279418222,3093.62812668,9.2891058822,-1.40188799782,4.14600918504,RF16W200r1,RF16W200r1_seg01,1,2378.32086848,0.265790716577
RF16W200r1_seg01,chant_sura_2020_rf16_contact_subset,0.594,2793262.50224,1180273.21198,2378.49101714,1.82363636326,-1.96636363631,-4.45527636364,5.20016567159,2839.38091626,452.417177395,3291.79809365,9.32106381528,-1.77899160817,3.92869524008,RF16W200r1,RF16W200r1_seg01,1,2378.22522642,0.265790716577
RF16W200r1_seg01,chant_sura_2020_rf16_contact_subset,0.616,2793262.54236,1180273.16872,2378.39062704,1.82363636326,-1.96636363631,-4.67109636364,5.3862210105,3046.19456127,453.56054688,3499.75510815,9.3572828061,-2.10709305447,3.67090124657,RF16W200r1,RF16W200r1_seg01,1,2378.12483632,0.265790716577
RF16W200r1_seg01,chant_sura_2020_rf16_contact_subset,0.638,2793262.58248,1180273.12546,2378.2854889,1.82363636326,-1.96636363631,-4.88691636364,5.57442257824,3262.78964348,454.489032766,3717.27867625,9.39350179693,-2.4096281543,3.36836614673,RF16W200r1,RF16W200r1_seg01,1,2378.01969818,0.265790716577
RF16W200r1_seg01,chant_sura_2020_rf16_contact_subset,0.66,2793262.6226,1180273.0822,2378.17560272,1.82363636326,-1.96636363631,-5.10273636364,5.76456016816,3489.1661629,455.438076344,3944.60423925,9.4339818455,-2.67381373444,3.01895941171,RF16W200r1,RF16W200r1_seg01,1,2377.909812,0.265790716577
RF16W200r1_seg01,chant_sura_2020_rf16_contact_subset,0.682,2793262.66272,1180273.03894,2378.0609685,1.82363636326,-1.96636363631,-5.31855636364,5.95644838211,3725.32411952,456.92115758,4182.2452771,9.48085348068,-2.8676918618,2.67168320557,RF16W200r1,RF16W200r1_seg01,1,2377.79517778,0.265790716577
RF16W200r1_seg01,chant_sura_2020_rf16_contact_subset,0.704,2793262.70284,1180272.99568,2377.94158624,1.82363636326,-1.96636363631,-5.53437636364,6.14992335481,3971.26351335,458.304067436,4429.56758079,9.52985564474,-3.03387311382,2.26901324875,RF16W200r1,RF16W200r1_seg01,1,2377.67579552,0.265790716577
RF16W200r1_seg01,chant_sura_2020_rf16_contact_subset,0.726,2793262.74296,1180272.95242,2377.81745594,1.82363636326,-1.96636363631,-5.75019636364,6.34483993147,4226.98434438,459.965387317,4686.9497317,9.5788578088,-3.14039955742,1.88977910952,RF16W200r1,RF16W200r1_seg01,1,2377.55166522,0.265790716577
RF16W200r1_seg01,chant_sura_2020_rf16_contact_subset,0.748,2793262.78308,1180272.90916,2377.6885776,1.82363636326,-1.96636363631,-5.96601636364,6.5410692388,4492.48661261,461.663619524,4954.15023214,9.6321210306,-3.19792383697,1.47006492172,RF16W200r1,RF16W200r1_seg01,1,2377.42278688,0.265790716577
RF16W200r1_seg01,chant_sura_2020_rf16_contact_subset,0.77,2793262.8232,1180272.8659,2377.55495122,1.82363636326,-1.96636363631,-6.18183636364,6.73849659512,4767.77031805,462.816446167,5230.58676422,9.67686213691,-3.20857648133,1.05461179167,RF16W200r1,RF16W200r1_seg01,1,2377.2891605,0.265790716577
RF16W200r1_seg01,chant_sura_2020_rf16_contact_subset,0.792,2793262.86332,1180272.82264,2377.4165768,1.82363636326,-1.96636363631,-6.39765636364,6.93701971186,5052.83546069,464.656295371,5517.49175606,9.73012535871,-3.16383537501,0.61998390177,RF16W200r1,RF16W200r1_seg01,1,2377.15078608,0.265790716577
RF16W200r1_seg01,chant_sura_2020_rf16_contact_subset,0.814,2793262.90344,1180272.77938,2377.27345434,1.82363636326,-1.96636363631,-6.61347636364,7.13654714466,5347.68204054,466.55122539,5814.23326593,9.77912752277,-3.07648369126,0.245010820287,RF16W200r1,RF16W200r1_seg01,1,2377.00766362,0.265790716577
RF16W200r1_seg01,chant_sura_2020_rf16_contact_subset,0.836,2793262.94356,1180272.73612,2377.12558384,1.82363636326,-1.96636363631,-6.82929636364,7.33699695775,5652.31005759,467.548489154,6119.85854674,9.81960757134,-2.92947719909,-0.1448759633,RF16W200r1,RF16W200r1_seg01,1,2376.85979312,0.265790716577
RF16W200r1_seg01,chant_sura_2020_rf16_contact_subset,0.858,2793262.98368,1180272.69286,2376.9729653,1.82363636326,-1.96636363631,-7.04511636364,7.5382955708,5966.71951184,469.381194912,6436.10070676,9.86647920653,-2.74199065835,-0.496413227191,RF16W200r1,RF16W200r1_seg01,1,2376.70717458,0.265790716577
RF16W200r1_seg01,chant_sura_2020_rf16_contact_subset,0.88,2793263.0238,1180272.6496,2376.81559872,1.82363636326,-1.96636363631,-7.26093636364,7.74037676166,6290.9104033,471.005232227,6761.91563553,9.90908978397,-2.5012408958,-0.852211548825,RF16W200r1,RF16W200r1_seg01,1,2376.549808,0.265790716577
RF16W200r1_seg01,chant_sura_2020_rf16_contact_subset,0.902,2793263.06392,1180272.60634,2376.6534841,1.82363636326,-1.96636363631,-7.47675636364,7.94318080222,6624.88273196,472.596361294,7097.47909326,9.94956983254,-2.20509738259,-1.17818246625,RF16W200r1,RF16W200r1_seg01,1,2376.38769338,0.265790716577
RF16W200r1_seg01,chant_sura_2020_rf16_contact_subset,0.924,2793263.10404,1180272.56308,2376.48662144,1.82363636326,-1.96636363631,-7.69257636364,8.14665370849,6968.63649783,473.621446034,7442.25794386,9.97726670787,-1.9217370426,-1.42532381541,RF16W200r1,RF16W200r1_seg01,1,2376.22083072,0.265790716577
RF16W200r1_seg01,chant_sura_2020_rf16_contact_subset,0.946,2793263.14416,1180272.51982,2376.31501074,1.82363636326,-1.96636363631,-7.90839636364,8.35074658818,7322.1717009,474.288803136,7796.46050404,10.0007025255,-1.55954713435,-1.66607357795,RF16W200r1,RF16W200r1_seg01,1,2376.04922002,0.265790716577
RF16W200r1_seg01,chant_sura_2020_rf16_contact_subset,0.968,2793263.18428,1180272.47656,2376.138652,1.82363636326,-1.96636363631,-8.12421636364,8.55541507227,7685.48834117,475.238686165,8160.72702734,10.0220078142,-1.19522669723,-1.85142958982,RF16W200r1,RF16W200r1_seg01,1,2375.87286128,0.265790716577
RF16W200r1_seg01,chant_sura_2020_rf16_contact_subset,0.99,2793263.2244,1180272.4333,2375.95754522,1.82363636326,-1.96636363631,-8.34003636364,8.76061881846,8058.58641865,476.460688502,8535.04710715,10.0433131029,-0.798948327024,-1.98991396651,RF16W200r1,RF16W200r1_seg01,1,2375.6917545,0.265790716577
RF16W200r1_seg01,chant_sura_2020_rf16_contact_subset,1.012,2793263.26452,1180272.39004,2375.7716904,1.82363636326,-1.96636363631,-8.55585636364,8.96632107672,8441.46593333,476.561381049,8918.02731438,10.0497046895,-0.417583658924,-2.06235194816,RF16W200r1,RF16W200r1_seg01,1,2375.50589968,0.265790716577
RF16W200r1_seg01,chant_sura_2020_rf16_contact_subset,1.034,2793263.30464,1180272.34678,2375.58108754,1.82363636326,-1.96636363631,-8.77167636364,9.1724883082,8834.12688522,475.853895732,9309.98078095,10.0433131029,-0.0234358175927,-2.09430988124,RF16W200r1,RF16W200r1_seg01,1,2375.31529682,0.265790716577
RF16W200r1_seg01,chant_sura_2020_rf16_contact_subset,1.056,2793263.34476,1180272.30352,2375.38573664,1.82363636326,-1.96636363631,-8.98749636364,9.37908985041,9236.56927431,476.019616829,9712.58889114,10.0433131029,0.383495196971,-2.07300459252,RF16W200r1,RF16W200r1_seg01,1,2375.11994592,0.265790716577
RF16W200r1_seg01,chant_sura_2020_rf16_contact_subset,1.078,2793263.38488,1180272.26026,2375.1856377,1.82363636326,-1.96636363631,-9.20331636364,9.58609762233,9648.7931006,475.453361287,10124.2464619,10.0305299297,0.809600971384,-2.00056661087,RF16W200r1,RF16W200r1_seg01,1,2374.91984698,0.265790716577
RF16W200r1_seg01,chant_sura_2020_rf16_contact_subset,1.1,2793263.425,1180272.217,2374.98079072,1.82363636326,-1.96636363631,-9.41913636364,9.79348586421,10070.7983641,474.642942426,10545.4413065,10.0134856987,1.19948775497,-1.86634329193,RF16W200r1,RF16W200r1_seg01,1,2374.715,0.265790716577
RF16W200r1_seg02,chant_sura_2020_rf16_contact_subset,0,2793263.718,1180271.941,2374.71579072,1.15921052638,-3.91973684217,1.23569473684,4.27025144916,1914.6799811,802.365231826,2717.04521292,13.1901042469,-0.901213712883,-0.588025968689,RF16W200r1,RF16W200r1_seg02,2,2374.45,0.265790716577
RF16W200r1_seg02,chant_sura_2020_rf16_contact_subset,0.0152,2793263.73562,1180271.88142,2374.73344003,1.15921052638,-3.91973684217,1.08658273684,4.22951155577,1878.32064004,805.814776508,2684.13541655,13.2327148244,-0.675377652444,-0.31957933081,RF16W200r1,RF16W200r1_seg02,2,2374.46764931,0.265790716577
RF16W200r1_seg02,chant_sura_2020_rf16_contact_subset,0.0304,2793263.75324,1180271.82184,2374.74882283,1.15921052638,-3.91973684217,0.937470736841,4.1936806434,1846.63052057,793.798560252,2640.42908083,13.1411020829,-0.434627889901,-0.221575002695,RF16W200r1,RF16W200r1_seg02,2,2374.48303212,0.265790716577
RF16W200r1_seg02,chant_sura_2020_rf16_contact_subset,0.0456,2793263.77086,1180271.76226,2374.76193914,1.15921052638,-3.91973684217,0.788358736841,4.16288547216,1819.6096227,781.812155065,2601.42177777,13.0452282836,-0.161920194277,-0.230097118183,RF16W200r1,RF16W200r1_seg02,2,2374.49614842,0.265790716577
RF16W200r1_seg02,chant_sura_2020_rf16_contact_subset,0.0608,2793263.78848,1180271.70268,2374.77278894,1.15921052638,-3.91973684217,0.639246736841,4.13723849288,1797.25794643,779.908978806,2577.16692523,13.0303145815,0.0745685105222,-0.181094954125,RF16W200r1,RF16W200r1_seg02,2,2374.50699822,0.265790716577
RF16W200r1_seg02,chant_sura_2020_rf16_contact_subset,0.076,2793263.8061,1180271.6431,2374.78137224,1.15921052638,-3.91973684217,0.490134736841,4.11683592297,1779.57549175,782.909824595,2562.48531634,13.0537503991,0.285490868856,-0.155528607661,RF16W200r1,RF16W200r1_seg02,2,2374.51558152,0.265790716577
RF16W200r1_seg02,chant_sura_2020_rf16_contact_subset,0.0912,2793263.82372,1180271.58352,2374.78768903,1.15921052638,-3.91973684217,0.341022736841,4.10175602193,1766.56225866,782.326165389,2548.88842405,13.0452282836,0.496413227191,-0.108656972475,RF16W200r1,RF16W200r1_seg02,2,2374.52189832,0.265790716577
RF16W200r1_seg02,chant_sura_2020_rf16_contact_subset,0.1064,2793263.84134,1180271.52394,2374.79173933,1.15921052638,-3.91973684217,0.191910736841,4.09205763489,1758.21824716,782.176473285,2540.39472045,13.038836697,0.686030296804,-0.0468716351854,RF16W200r1,RF16W200r1_seg02,2,2374.52594861,0.265790716577
RF16W200r1_seg02,chant_sura_2020_rf16_contact_subset,0.1216,2793263.85896,1180271.46436,2374.79352312,1.15921052638,-3.91973684217,0.0427987368408,4.08777906549,1754.54345727,781.196589867,2535.74004713,13.0239229949,0.86712525093,0.0383495196971,RF16W200r1,RF16W200r1_seg02,2,2374.5277324,0.265790716577
RF16W200r1_seg02,chant_sura_2020_rf16_contact_subset,0.1368,2793263.87658,1180271.40478,2374.79304041,1.15921052638,-3.91973684217,-0.106313263159,4.08893732726,1755.53788896,780.56662176,2536.10451072,13.0090092928,1.06313390716,0.157659136533,RF16W200r1,RF16W200r1_seg02,2,2374.52724969,0.265790716577
RF16W200r1_seg02,chant_sura_2020_rf16_contact_subset,0.152,2793263.8942,1180271.3452,2374.7902912,1.15921052638,-3.91973684217,-0.255425263159,4.09552780743,1761.20154225,780.003726476,2541.20526873,12.9940955907,1.22292357256,0.289751926601,RF16W200r1,RF16W200r1_seg02,2,2374.52450048,0.265790716577
RF16W200r1_seg02,chant_sura_2020_rf16_contact_subset,0.1672,2793263.91182,1180271.28562,2374.78527548,1.15921052638,-3.91973684217,-0.404537263159,4.10752435825,1771.53441713,779.174625619,2550.70904275,12.9770513597,1.35075530489,0.417583658924,RF16W200r1,RF16W200r1_seg02,2,2374.51948476,0.265790716577
RF16W200r1_seg02,chant_sura_2020_rf16_contact_subset,0.1824,2793263.92944,1180271.22604,2374.77799326,1.15921052638,-3.91973684217,-0.553649263159,4.12487981194,1786.53651361,778.221650841,2564.75816445,12.955746071,1.48497862383,0.588025968689,RF16W200r1,RF16W200r1_seg02,2,2374.51220255,0.265790716577
RF16W200r1_seg02,chant_sura_2020_rf16_contact_subset,0.1976,2793263.94706,1180271.16646,2374.76844454,1.15921052638,-3.91973684217,-0.702761263159,4.14752689556,1806.20783168,776.584194399,2582.79202608,12.9280491957,1.58937453856,0.775512509431,RF16W200r1,RF16W200r1_seg02,2,2374.50265383,0.265790716577
RF16W200r1_seg02,chant_sura_2020_rf16_contact_subset,0.2128,2793263.96468,1180271.10688,2374.75662932,1.15921052638,-3.91973684217,-0.851873263159,4.17537950525,1830.54837135,775.426643228,2605.97501458,12.9046133781,1.6703346357,0.95021587694,RF16W200r1,RF16W200r1_seg02,2,2374.4908386,0.265790716577
RF16W200r1_seg02,chant_sura_2020_rf16_contact_subset,0.228,2793263.9823,1180271.0473,2374.7425476,1.15921052638,-3.91973684217,-1.00098526316,4.2083342849,1859.55813261,774.763639766,2634.32177238,12.8854386182,1.72572838637,1.12918030219,RF16W200r1,RF16W200r1_seg02,2,2374.47675688,0.265790716577
RF16W200r1_seg02,chant_sura_2020_rf16_contact_subset,0.2432,2793263.99992,1180270.98772,2374.72619937,1.15921052638,-3.91973684217,-1.15009726316,4.24627244428,1893.23711546,773.51527818,2666.75239365,12.8577417429,1.77046949268,1.35075530489,RF16W200r1,RF16W200r1_seg02,2,2374.46040865,0.265790716577
RF16W200r1_seg02,chant_sura_2020_rf16_contact_subset,0.2584,2793264.01754,1180270.92814,2374.70758464,1.15921052638,-3.91973684217,-1.29920926316,4.28906174656,1931.58531991,772.152633058,2703.73795297,12.8300448676,1.79177478141,1.55315554773,RF16W200r1,RF16W200r1_seg02,2,2374.44179392,0.265790716577
RF16W200r1_seg02,chant_sura_2020_rf16_contact_subset,0.2736,2793264.03516,1180270.86856,2374.68670341,1.15921052638,-3.91973684217,-1.44832126316,4.33655859383,1974.60274596,770.540298501,2745.14304446,12.8002174634,1.77473055043,1.77046949268,RF16W200r1,RF16W200r1_seg02,2,2374.42091269,0.265790716577
RF16W200r1_seg02,chant_sura_2020_rf16_contact_subset,0.2888,2793264.05278,1180270.80898,2374.66355567,1.15921052638,-3.91973684217,-1.59743326316,4.38861014293,2022.28939359,769.196600845,2791.48599444,12.772520588,1.73638103073,1.98352237989,RF16W200r1,RF16W200r1_seg02,2,2374.39776496,0.265790716577
RF16W200r1_seg02,chant_sura_2020_rf16_contact_subset,0.304,2793264.0704,1180270.7494,2374.63814144,1.15921052638,-3.91973684217,-1.74654526316,4.44505639026,2074.64526283,767.956816059,2842.60207889,12.7490847704,1.68098728006,2.15609521853,RF16W200r1,RF16W200r1_seg02,2,2374.37235072,0.265790716577
RF16W200r1_seg02,chant_sura_2020_rf16_contact_subset,0.3192,2793264.08802,1180270.68982,2374.6104607,1.15921052638,-3.91973684217,-1.89565726316,4.5057321731,2131.67035365,766.499975302,2898.17032895,12.723518424,1.59576612518,2.33719017265,RF16W200r1,RF16W200r1_seg02,2,2374.34466998,0.265790716577
RF16W200r1_seg02,chant_sura_2020_rf16_contact_subset,0.3344,2793264.10564,1180270.63024,2374.58051346,1.15921052638,-3.91973684217,-2.04476926316,4.57046904551,2193.36466607,765.610962235,2958.97562831,12.7022131352,1.49137021044,2.51828512678,RF16W200r1,RF16W200r1_seg02,2,2374.31472274,0.265790716577
RF16W200r1_seg02,chant_sura_2020_rf16_contact_subset,0.3496,2793264.12326,1180270.57066,2374.54829971,1.15921052638,-3.91973684217,-2.19388126316,4.63909699761,2259.72820009,765.37239015,3025.10059024,12.6872994331,1.36779953586,2.68659690767,RF16W200r1,RF16W200r1_seg02,2,2374.282509,0.265790716577
RF16W200r1_seg02,chant_sura_2020_rf16_contact_subset,0.3648,2793264.14088,1180270.51108,2374.51381947,1.15921052638,-3.91973684217,-2.34299326316,4.71144599752,2330.7609557,765.384955428,3096.14591112,12.6766467888,1.23783727467,2.82721181323,RF16W200r1,RF16W200r1_seg02,2,2374.24802875,0.265790716577
RF16W200r1_seg02,chant_sura_2020_rf16_contact_subset,0.38,2793264.1585,1180270.4515,2374.47707272,1.15921052638,-3.91973684217,-2.49210526316,4.78734734472,2406.4629329,764.920229246,3171.38316214,12.6617330867,1.06526443603,2.97208777653,RF16W200r1,RF16W200r1_seg02,2,2374.211282,0.265790716577
RF16W200r1_seg02,chant_sura_2020_rf16_contact_subset,0.3952,2793264.17612,1180270.39192,2374.43805947,1.15921052638,-3.91973684217,-2.64121726316,4.86663483195,2486.8341317,764.185192281,3251.01932398,12.6468193846,0.886300010778,3.08713633562,RF16W200r1,RF16W200r1_seg02,2,2374.17226875,0.265790716577
RF16W200r1_seg02,chant_sura_2020_rf16_contact_subset,0.4104,2793264.19374,1180270.33234,2374.39677971,1.15921052638,-3.91973684217,-2.79032926316,4.94914571954,2571.87455209,763.969285845,3335.84383793,12.6382972691,0.722249287629,3.1723574905,RF16W200r1,RF16W200r1_seg02,2,2374.130989,0.265790716577
RF16W200r1_seg02,chant_sura_2020_rf16_contact_subset,0.4256,2793264.21136,1180270.27276,2374.35323346,1.15921052638,-3.91973684217,-2.93944126316,5.03472153112,2661.58419407,764.033707847,3425.61790192,12.6340362113,0.528371160272,3.24053441441,RF16W200r1,RF16W200r1_seg02,2,2374.08744274,0.265790716577
RF16W200r1_seg02,chant_sura_2020_rf16_contact_subset,0.4408,2793264.22898,1180270.21318,2374.3074207,1.15921052638,-3.91973684217,-3.08855326316,5.1232086836,2755.96305765,763.666161518,3519.62921917,12.6276446247,0.321709859682,3.28740604959,RF16W200r1,RF16W200r1_seg02,2,2374.04162998,0.265790716577
RF16W200r1_seg02,chant_sura_2020_rf16_contact_subset,0.456,2793264.2466,1180270.1536,2374.25934144,1.15921052638,-3.91973684217,-3.23766526316,5.21445896643,2855.01114283,765.713916989,3620.72505981,12.6425583268,0.129962261196,3.3172334538,RF16W200r1,RF16W200r1_seg02,2,2373.99355072,0.265790716577
RF16W200r1_seg02,chant_sura_2020_rf16_contact_subset,0.4712,2793264.26422,1180270.09402,2374.20899567,1.15921052638,-3.91973684217,-3.38677726316,5.30832988675,2958.72844959,775.783836612,3734.51228621,12.7213878951,-0.112918030219,3.36410508899,RF16W200r1,RF16W200r1_seg02,2,2373.94320496,0.265790716577
RF16W200r1_seg02,chant_sura_2020_rf16_contact_subset,0.4864,2793264.28184,1180270.03444,2374.15638341,1.15921052638,-3.91973684217,-3.53588926316,5.40468489717,3067.11497796,785.990808454,3853.10578641,12.8044785211,-0.343015148402,3.37262720448,RF16W200r1,RF16W200r1_seg02,2,2373.89059269,0.265790716577
RF16W200r1_seg02,chant_sura_2020_rf16_contact_subset,0.5016,2793264.29946,1180269.97486,2374.10150464,1.15921052638,-3.91973684217,-3.68500126316,5.50339352271,3180.17072791,789.990884204,3970.16161212,12.8406975119,-0.517718515911,3.33640821365,RF16W200r1,RF16W200r1_seg02,2,2373.83571392,0.265790716577
RF16W200r1_seg02,chant_sura_2020_rf16_contact_subset,0.5168,2793264.31708,1180269.91528,2374.04435937,1.15921052638,-3.91973684217,-3.83411326316,5.60433140268,3297.89569946,791.653349434,4089.5490489,12.8620028006,-0.720118758757,3.25331758764,RF16W200r1,RF16W200r1_seg02,2,2373.77856865,0.265790716577
RF16W200r1_seg02,chant_sura_2020_rf16_contact_subset,0.532,2793264.3347,1180269.8557,2373.9849476,1.15921052638,-3.91973684217,-3.98322526316,5.70738026186,3420.28989261,792.559969966,4212.84986258,12.8790470316,-0.909735828371,3.14466061517,RF16W200r1,RF16W200r1_seg02,2,2373.71915688,0.265790716577
RF16W200r1_seg02,chant_sura_2020_rf16_contact_subset,0.5472,2793264.35232,1180269.79612,2373.92326932,1.15921052638,-3.91973684217,-4.13233726316,5.81242782431,3547.35330735,793.037983736,4340.39129109,12.8939607337,-1.08017813814,3.01682888284,RF16W200r1,RF16W200r1_seg02,2,2373.6574786,0.265790716577
RF16W200r1_seg02,chant_sura_2020_rf16_contact_subset,0.5624,2793264.36994,1180269.73654,2373.85932454,1.15921052638,-3.91973684217,-4.28144926316,5.91936768155,3679.08594368,793.900639502,4472.98658319,12.9131354936,-1.23144568805,2.87408344841,RF16W200r1,RF16W200r1_seg02,2,2373.59353383,0.265790716577
RF16W200r1_seg02,chant_sura_2020_rf16_contact_subset,0.5776,2793264.38756,1180269.67696,2373.79311326,1.15921052638,-3.91973684217,-4.43056126316,6.02809912518,3815.48780161,795.176522857,4610.66432447,12.93870184,-1.37845218023,2.69511902316,RF16W200r1,RF16W200r1_seg02,2,2373.52732255,0.265790716577
RF16W200r1_seg02,chant_sura_2020_rf16_contact_subset,0.5928,2793264.40518,1180269.61738,2373.72463548,1.15921052638,-3.91973684217,-4.57967326316,6.13852695308,3956.55888113,795.542274313,4752.10115545,12.955746071,-1.49776179706,2.51828512678,RF16W200r1,RF16W200r1_seg02,2,2373.45884476,0.265790716577
RF16W200r1_seg02,chant_sura_2020_rf16_contact_subset,0.608,2793264.4228,1180269.5578,2373.6538912,1.15921052638,-3.91973684217,-4.72878526316,6.25056125651,4102.29918225,797.158294812,4899.45747706,12.9834429464,-1.58937453856,2.33932070153,RF16W200r1,RF16W200r1_seg02,2,2373.38810048,0.265790716577
RF16W200r1_seg02,chant_sura_2020_rf16_contact_subset,0.6232,2793264.44042,1180269.49822,2373.58088041,1.15921052638,-3.91973684217,-4.87789726316,6.36411719458,4252.70870496,797.666627893,5050.37533285,13.0047482351,-1.66394304908,2.12626781432,RF16W200r1,RF16W200r1_seg02,2,2373.31508969,0.265790716577
RF16W200r1_seg02,chant_sura_2020_rf16_contact_subset,0.6384,2793264.45804,1180269.43864,2373.50560312,1.15921052638,-3.91973684217,-5.02700926316,6.47911476116,4407.78744927,799.697176414,5207.48462568,13.038836697,-1.71720627088,1.90469281162,RF16W200r1,RF16W200r1_seg02,2,2373.2398124,0.265790716577
RF16W200r1_seg02,chant_sura_2020_rf16_contact_subset,0.6536,2793264.47566,1180269.37906,2373.42805933,1.15921052638,-3.91973684217,-5.17612126316,6.59547854877,4567.53541516,800.283633924,5367.81904909,13.0601419857,-1.7385115596,1.69377045329,RF16W200r1,RF16W200r1_seg02,2,2373.16226861,0.265790716577
RF16W200r1_seg02,chant_sura_2020_rf16_contact_subset,0.6688,2793264.49328,1180269.31948,2373.34824903,1.15921052638,-3.91973684217,-5.32523326316,6.71313751262,4731.95260266,801.31560169,5533.26820435,13.0857083322,-1.73425050186,1.47432597947,RF16W200r1,RF16W200r1_seg02,2,2373.08245832,0.265790716577
RF16W200r1_seg02,chant_sura_2020_rf16_contact_subset,0.684,2793264.5109,1180269.2599,2373.26617224,1.15921052638,-3.91973684217,-5.47434526316,6.83202473771,4901.03901175,802.873089073,5703.91210082,13.1134052076,-1.71294521314,1.27618679437,RF16W200r1,RF16W200r1_seg02,2,2373.00038152,0.265790716577
RF16W200r1_seg02,chant_sura_2020_rf16_contact_subset,0.6992,2793264.52852,1180269.20032,2373.18182894,1.15921052638,-3.91973684217,-5.62345726316,6.95207721094,5074.79464243,803.929930069,5878.7245725,13.138971554,-1.65542093359,1.05674232054,RF16W200r1,RF16W200r1_seg02,2,2372.91603822,0.265790716577
RF16W200r1_seg02,chant_sura_2020_rf16_contact_subset,0.7144,2793264.54614,1180269.14074,2373.09521914,1.15921052638,-3.91973684217,-5.77256926316,7.07323560009,5253.2194947,805.297989046,6058.51748375,13.1645379005,-1.58298295194,0.86712525093,RF16W200r1,RF16W200r1_seg02,2,2372.82942842,0.265790716577
RF16W200r1_seg02,chant_sura_2020_rf16_contact_subset,0.7296,2793264.56376,1180269.08116,2373.00634283,1.15921052638,-3.91973684217,-5.92168126316,7.19544404042,5436.31356857,806.18087888,6242.49444745,13.1858431892,-1.48497862383,0.679638710188,RF16W200r1,RF16W200r1_seg02,2,2372.74055212,0.265790716577
RF16W200r1_seg02,chant_sura_2020_rf16_contact_subset,0.7448,2793264.58138,1180269.02158,2372.91520003,1.15921052638,-3.91973684217,-6.07079326316,7.31864993017,5624.07686404,806.411758846,6430.48862288,13.2007568913,-1.36566900699,0.502804813807,RF16W200r1,RF16W200r1_seg02,2,2372.64940931,0.265790716577
RF16W200r1_seg02,chant_sura_2020_rf16_contact_subset,0.76,2793264.599,1180268.962,2372.82179072,1.15921052638,-3.91973684217,-6.21990526316,7.44280373509,5816.5093811,810.753688799,6627.2630699,13.2476285265,-1.23783727467,0.338754090658,RF16W200r1,RF16W200r1_seg02,2,2372.556,0.265790716577
