candidate_id,normal_restitution,tangential_restitution,friction_coefficient,roughness_profile,roughness_std_normal,roughness_std_tangent,roughness_std_angle,calibration_objective,holdout_objective,calibration_observed_mean_runout_m,calibration_simulated_mean_runout_m,calibration_runout_distance_error_m,calibration_deposition_centroid_error_m,calibration_deposition_cloud_mean_nearest_error_m,calibration_lateral_spread_error_m,calibration_deposition_cloud_overlap_fraction,holdout_observed_mean_runout_m,holdout_simulated_mean_runout_m,holdout_runout_distance_error_m,holdout_deposition_centroid_error_m,holdout_deposition_cloud_mean_nearest_error_m,holdout_lateral_spread_error_m,holdout_deposition_cloud_overlap_fraction
candidate_103,0.35,0.9,0.4,moderate,0.08,0.06,0.08,0.0464107283231083,0.0856601395687338,92.24651399999999,90.62831403408408,1.618199965915906,3.653316058583127,11.459798290749184,3.4774924255002944,0.6666666666666666,97.62890361111111,105.50882696131835,7.879923350207235,8.99484346669694,8.090673113595004,9.500945122837454,0.7777777777777778
candidate_065,0.25,0.9,0.35,high,0.12,0.08,0.12,0.054798337729616925,0.04211273371051559,92.24651399999999,88.60840188700563,3.6381121129943637,4.70492653691517,10.0695527727547,2.2766298892463936,0.6666666666666666,97.62890361111111,95.39629066717443,2.2326129439366866,3.8198007024012917,7.5812898630492445,6.3553604724263515,0.8472222222222222
candidate_066,0.25,0.9,0.4,low,0.04,0.04,0.04,0.06246319649241279,0.12819172262897782,92.24651399999999,90.09751480382073,2.148999196179261,3.933135663840849,14.728266825450776,8.660252103910711,0.5694444444444444,97.62890361111111,110.17936536159847,12.550461750487358,13.527941626259492,10.634607981395801,13.5860254172342,0.7083333333333334
candidate_089,0.35,0.85,0.35,high,0.12,0.08,0.12,0.06965736686323797,0.040536014561298496,92.24651399999999,86.77657197980481,5.469942020195177,5.979648038903744,11.27644071927513,2.139752048840247,0.7083333333333334,97.62890361111111,99.2858452669924,1.6569416558812833,4.1966039907482635,7.3696046610371795,6.8879098334252795,0.8611111111111112
candidate_113,0.4,0.8,0.35,high,0.12,0.08,0.12,0.07163148152121396,0.05897334675692044,92.24651399999999,86.5860874819697,5.660426518030292,6.462143745597694,10.743314832117537,2.963636270508406,0.6944444444444444,97.62890361111111,102.09343191033912,4.464528299228007,5.985153893886547,7.685638074517767,7.150493631282231,0.8333333333333334
candidate_125,0.4,0.85,0.35,high,0.12,0.08,0.12,0.08758531508380608,0.11328642980459905,92.24651399999999,99.39236403222935,7.145850032229362,8.396202950951116,11.399383763242273,4.848799891832819,0.7361111111111112,97.62890361111111,109.46965907837279,11.840755467261673,12.614708970255435,9.008828648506082,7.762470033072784,0.7222222222222222
candidate_078,0.35,0.8,0.4,low,0.04,0.04,0.04,0.10075025459923422,0.16463593162519885,92.24651399999999,100.20808951599452,7.961575515994525,9.427911980883682,13.65627910112195,6.229169737489766,0.6388888888888888,97.62890361111111,115.43337235379448,17.80446874268337,18.6303053027322,11.643187351904508,10.75000769290552,0.5694444444444444
candidate_140,0.4,0.9,0.4,high,0.12,0.08,0.12,0.10766178514396789,0.038183642794634834,92.24651399999999,83.02922960144907,9.217284398550916,9.310277778171873,13.710368889203394,7.1400316881646475,0.5694444444444444,97.62890361111111,95.8254539262229,1.8034496848882071,3.0536648693334625,7.399519174509404,6.729547714835611,0.8888888888888888
candidate_139,0.4,0.9,0.4,moderate,0.08,0.06,0.08,0.10993081781894103,0.16881901501566132,92.24651399999999,100.94244974711816,8.69593574711817,10.231929068543202,14.188202656625906,8.319408403022322,0.5833333333333334,97.62890361111111,116.45696423463164,18.82806062352053,19.642167363327058,10.97529833112929,9.033865570448569,0.6388888888888888
candidate_127,0.4,0.85,0.4,moderate,0.08,0.06,0.08,0.11753865053070438,0.03741035587018231,92.24651399999999,81.80153689136176,10.444977108638227,10.473271102486995,14.760720670164432,5.718291631798895,0.5694444444444444,97.62890361111111,97.90934466737416,0.2804410562630437,3.727528031865392,7.368933051343466,11.204649337539824,0.8611111111111112
candidate_077,0.35,0.8,0.35,high,0.12,0.08,0.12,0.12288755577699921,0.05478438831422129,92.24651399999999,80.37950242668992,11.867011573310066,11.860537629932212,13.066585894113526,4.173418401134487,0.5833333333333334,97.62890361111111,93.6071674088263,4.0217362022848135,4.6945585070739,8.088033753998563,7.475120975264392,0.8888888888888888
candidate_054,0.25,0.85,0.4,low,0.04,0.04,0.04,0.12889994223451468,0.05785510580313704,92.24651399999999,81.11261154576518,11.133902454234814,11.093136862573491,15.821681727150441,9.426936604562194,0.5694444444444444,97.62890361111111,100.85122143921748,3.2223178281063696,4.914084548316157,8.28139257938985,13.13487872260226,0.8055555555555556
candidate_029,0.2,0.9,0.35,high,0.12,0.08,0.12,0.1465924141183995,0.10517099359892752,92.24651399999999,76.99919424494698,15.247319755053013,15.024197770884525,14.006069030396942,1.040820426923581,0.5833333333333334,97.62890361111111,86.18010817879994,11.448795432311172,11.328102014325886,8.250196919321251,6.337059647687294,0.7638888888888888
candidate_101,0.35,0.9,0.35,high,0.12,0.08,0.12,0.14977931023936808,0.1749856447505448,92.24651399999999,108.09292305838069,15.8464090583807,16.90939235393977,10.888786461121718,2.8062978192560664,0.75,97.62890361111111,117.53775115112275,19.908847540011635,20.630209696422696,11.276928249695077,7.117371776291385,0.5833333333333334
candidate_090,0.35,0.85,0.4,low,0.04,0.04,0.04,0.1573466781694114,0.23082929327596838,92.24651399999999,107.88158780696062,15.635073806960634,16.744742243886428,13.50164151547184,5.923854734098391,0.75,97.62890361111111,123.276085465513,25.647181854401893,26.425642497458632,15.728264346894736,12.423154956359564,0.3333333333333333
candidate_114,0.4,0.8,0.4,low,0.04,0.04,0.04,0.17350319293313815,0.23177741998630755,92.24651399999999,110.02225728564721,17.775743285647224,18.81130481353617,13.613194276000932,5.805151788259469,0.6944444444444444,97.62890361111111,123.57935043941491,25.950446828303797,26.751382467539095,16.252198008836046,10.12189103686546,0.3472222222222222
candidate_042,0.25,0.8,0.4,low,0.04,0.04,0.04,0.18429344127309755,0.046558389939020804,92.24651399999999,73.66919539353529,18.5773186064647,18.208427402651786,15.616515679070744,9.652241511207606,0.5694444444444444,97.62890361111111,95.43435602846728,2.1945475826438354,3.533900337014433,7.479669321058955,11.784892029900622,0.875
candidate_115,0.4,0.8,0.4,moderate,0.08,0.06,0.08,0.18705814680191407,0.08323733727293313,92.24651399999999,72.61015606814098,19.63635793185901,19.3663222986227,15.39874148046027,4.977720176925388,0.5694444444444444,97.62890361111111,89.90010135158808,7.728802259523036,7.861788231245587,8.176060791249713,10.477497446180298,0.8194444444444444
candidate_053,0.25,0.85,0.35,high,0.12,0.08,0.12,0.18910874807616035,0.1327291030327752,92.24651399999999,72.09335734764315,20.15315665235684,19.796919962007983,14.702683062476654,4.859356803720903,0.5694444444444444,97.62890361111111,82.1801835307531,15.448720080358015,15.23875592369163,8.273409175854841,5.419019541210634,0.7222222222222222
candidate_004,0.2,0.8,0.35,moderate,0.08,0.06,0.08,0.1899058311409035,0.19611456895335797,92.24651399999999,113.14240312931082,20.89588912931083,21.900136110080812,12.767273191108423,0.8651213708922754,0.6944444444444444,97.62890361111111,120.45970830235423,22.830804691243117,23.665450803492938,11.577684656797977,6.406886057897552,0.5138888888888888
candidate_030,0.2,0.9,0.4,low,0.04,0.04,0.04,0.19543283837880618,0.044982741971094614,92.24651399999999,72.84551670052407,19.400997299475918,19.057628161996867,16.165116505149935,13.001189352769114,0.5694444444444444,97.62890361111111,96.23415515025125,1.3947484608598586,3.3211651967837894,7.98730163686794,13.362273461030064,0.8055555555555556
candidate_091,0.35,0.85,0.4,moderate,0.08,0.06,0.08,0.2008895547181324,0.10674357369717932,92.24651399999999,70.66558093113215,21.580933068867836,21.173409293281715,15.923845093906571,3.418198986676977,0.5833333333333334,97.62890361111111,86.34180126313039,11.28710234798072,11.235468351458367,8.097334076409396,9.137281078496603,0.875
candidate_016,0.2,0.85,0.35,moderate,0.08,0.06,0.08,0.2091878891022551,0.2418348724941767,92.24651399999999,115.52514997726004,23.278635977260052,24.322440589113327,13.003029360253125,1.402513316056389,0.6805555555555556,97.62890361111111,125.60642840671147,27.97752479560036,28.670649819173132,15.293421513486031,7.9384054102867125,0.3472222222222222
candidate_040,0.25,0.8,0.35,moderate,0.08,0.06,0.08,0.22375627847803478,0.27315600117427985,92.24651399999999,117.20153318107896,24.955019181078967,25.944100097632816,13.967335615436703,1.3148589623085023,0.6388888888888888,97.62890361111111,129.67132141005635,32.04241779894524,32.77332121205238,16.7221459689673,7.1107340310840605,0.375
candidate_041,0.25,0.8,0.35,high,0.12,0.08,0.12,0.22960290241065445,0.16150589800960635,92.24651399999999,66.87348658221181,25.37302741778818,24.911835035399207,15.428603620686491,4.485255306732871,0.4583333333333333,97.62890361111111,78.70765587336349,18.92124773774762,18.5706353117353,9.205181746192354,7.693870902470756,0.6944444444444444
candidate_017,0.2,0.85,0.35,high,0.12,0.08,0.12,0.2296425855580319,0.17404600131697484,92.24651399999999,66.97377696156926,25.272737038430733,24.853530538626032,15.354257742369981,5.267621332508508,0.5555555555555556,97.62890361111111,77.0695559356325,20.55934767547862,20.276232872978312,10.352915640172053,6.0057248622988695,0.5555555555555556
candidate_104,0.35,0.9,0.4,high,0.12,0.08,0.12,0.2328944504130947,0.15706759431754702,92.24651399999999,66.80846936006779,25.4380446399322,25.032427789663053,16.155926334750298,5.472888782185294,0.5555555555555556,97.62890361111111,79.17296086287955,18.455942748231564,18.2100938014804,9.149366281887502,6.467660826050981,0.7777777777777778
candidate_102,0.35,0.9,0.4,low,0.04,0.04,0.04,0.2331440323405099,0.30254141990626704,92.24651399999999,116.83771764144515,24.591203641445162,25.549717054778792,16.53793828334635,7.456656843010062,0.5694444444444444,97.62890361111111,131.92771366461844,34.298810053507324,34.999519904949445,20.192511171667306,13.139403877485236,0.19444444444444445
candidate_079,0.35,0.8,0.4,moderate,0.08,0.06,0.08,0.23439860187121175,0.1754893081588678,92.24651399999999,66.5283268712738,25.718187128726186,25.2661659311697,16.248781430605987,4.829719322527527,0.5416666666666666,97.62890361111111,77.24290781779806,20.385995793313057,20.108793723753763,10.15074123589246,9.017839659148681,0.7638888888888888
candidate_126,0.4,0.85,0.4,low,0.04,0.04,0.04,0.24188532343867303,0.3105556484265441,92.24651399999999,118.11450503783593,25.867991037835935,26.83270619862808,16.41097331006046,6.82110696284796,0.6388888888888888,97.62890361111111,132.66405746747557,35.03515385636446,35.74939151298255,22.511941907212687,11.136519710690006,0.2222222222222222
candidate_137,0.4,0.9,0.35,high,0.12,0.08,0.12,0.24259381248960557,0.28287052208476626,92.24651399999999,118.8487590722478,26.60224507224781,27.48391366412916,14.954858281574564,5.4547316527705405,0.5416666666666666,97.62890361111111,130.9536086264917,33.32470501538059,33.97364455679051,16.855475887514558,7.557153614165209,0.3055555555555556
candidate_067,0.25,0.9,0.4,moderate,0.08,0.06,0.08,0.25648717386652803,0.13781575935332943,92.24651399999999,63.91926354759932,28.32725045240067,27.858686298144967,16.541195477108506,6.39874301360862,0.5416666666666666,97.62890361111111,82.37799471718478,15.250908893926336,15.138183540265075,9.16229732850454,9.748871329642572,0.8055555555555556
candidate_028,0.2,0.9,0.35,moderate,0.08,0.06,0.08,0.2623654696511828,0.29642167959001037,92.24651399999999,121.52851071940823,29.28199671940824,30.222748366762264,16.32887489115408,2.0393937563931672,0.5416666666666666,97.62890361111111,132.61870155915923,34.98979794804812,35.69455187275802,17.963846105644308,6.775073189967621,0.2222222222222222
candidate_052,0.25,0.85,0.35,moderate,0.08,0.06,0.08,0.2680842421094829,0.312592420156801,92.24651399999999,121.97830758617631,29.731793586176323,30.662998654309035,16.982687020085486,2.882426115580987,0.5,97.62890361111111,134.38853189299743,36.75962828188632,37.461123212949424,19.2391501578137,7.63111695403331,0.25
candidate_005,0.2,0.8,0.35,high,0.12,0.08,0.12,0.26840582594618806,0.24368696289436279,92.24651399999999,62.46031588288437,29.786198117115617,29.326193768184865,18.688461160129858,2.864719540523801,0.5277777777777778,97.62890361111111,68.1325511545949,29.496352456516206,29.11076002319639,12.550972170455886,7.296479663755871,0.4722222222222222
candidate_018,0.2,0.85,0.4,low,0.04,0.04,0.04,0.27933779431828676,0.10904939879887034,92.24651399999999,62.05451340550448,30.19200059449551,29.711286598290126,16.237783483679863,15.06159140479475,0.5277777777777778,97.62890361111111,86.61301744579926,11.015886165311855,10.971945320005085,8.103477373417102,13.255426651095021,0.875
candidate_141,0.4,0.9,0.45,low,0.04,0.04,0.04,0.2793843949596892,0.12095600661897216,92.24651399999999,61.690423276739,30.556090723260994,30.071365110980445,16.899755368371316,11.242033241436761,0.6111111111111112,97.62890361111111,84.5517242036607,13.077179407450416,12.897257159382098,8.003745287432174,10.990082307039035,0.8611111111111112
candidate_002,0.2,0.8,0.3,high,0.12,0.08,0.12,0.3032935043847252,0.2808001504152362,92.24651399999999,126.10036753680642,33.853853536806426,34.710907655359094,19.093911779807673,2.470251369704137,0.3611111111111111,97.62890361111111,131.19199579159593,33.563092180484816,34.18205323422675,15.961077264768466,5.7309057614605265,0.4583333333333333
candidate_142,0.4,0.9,0.45,moderate,0.08,0.06,0.08,0.30787451328131105,0.18571237207195967,92.24651399999999,57.33215118840307,34.914362811596924,34.39637682170178,17.216268982851453,6.465393324332869,0.5555555555555556,97.62890361111111,75.37324090233626,22.25566270877485,21.9584910048162,8.67809033432582,8.906062353862591,0.7777777777777778
candidate_038,0.25,0.8,0.3,high,0.12,0.08,0.12,0.31414166812252065,0.3268624848115617,92.24651399999999,127.64189134229807,35.395377342298076,36.16166655011988,18.77739177894236,2.546589890948784,0.4305555555555556,97.62890361111111,136.62136893022767,38.99246531911656,39.62338321528891,18.4187071620723,7.750293939170895,0.2777777777777778
candidate_138,0.4,0.9,0.4,low,0.04,0.04,0.04,0.31841467311354665,0.3968176209036917,92.24651399999999,126.75758832795789,34.5110743279579,35.38953541135107,21.303270981469467,7.3462210446148575,0.4861111111111111,97.62890361111111,143.15213332552702,45.523229714415905,46.229885793748785,28.034627306428717,10.910189811868584,0.1111111111111111
candidate_014,0.2,0.85,0.3,high,0.12,0.08,0.12,0.3218116155802225,0.30261827519219275,92.24651399999999,128.08435956484763,35.83784556484764,36.674568089096056,20.138095175972754,3.6270814033360743,0.3472222222222222,97.62890361111111,133.45735591018203,35.82845229907092,36.4464367927335,19.885666548415816,3.327443772508296,0.2777777777777778
candidate_006,0.2,0.8,0.4,low,0.04,0.04,0.04,0.32282149074487265,0.14614736820199986,92.24651399999999,55.871121370597216,36.375392629402775,35.85849759683638,16.113962011540327,12.228136807493577,0.5,97.62890361111111,81.66049713184734,15.968406479263777,15.734689105419033,9.122012128852452,13.243497054166589,0.7916666666666666
candidate_064,0.25,0.9,0.35,moderate,0.08,0.06,0.08,0.32482448884986936,0.34593249475515125,92.24651399999999,128.36790191585717,36.121387915857184,37.03596974621372,20.76304755288264,2.9770024896661944,0.3611111111111111,97.62890361111111,138.6277293125451,40.998825701434,41.64597377362549,21.402648590449772,6.315154592602305,0.19444444444444445
candidate_076,0.35,0.8,0.35,moderate,0.08,0.06,0.08,0.3298895386821053,0.3510839087483739,92.24651399999999,129.57199563520248,37.32548163520249,38.21068638209993,19.38995541647319,2.040305338316216,0.375,97.62890361111111,138.6061688477681,40.977265236656976,41.67074899703347,23.983464472456063,6.217875863619096,0.1388888888888889
candidate_031,0.2,0.9,0.4,moderate,0.08,0.06,0.08,0.3479792236842812,0.24118689835060222,92.24651399999999,52.59881306179126,39.64770093820873,39.10447708874642,17.795208932148014,9.232438484910368,0.5,97.62890361111111,68.70875505339444,28.920148557716672,28.5095753600393,12.215874066906608,9.62176946970148,0.625
candidate_143,0.4,0.9,0.45,high,0.12,0.08,0.12,0.35021096229995285,0.30360509023224835,92.24651399999999,51.631351078364816,40.615162921635175,40.0888117569579,17.88842912920114,4.290283569405325,0.5694444444444444,97.62890361111111,59.81649950839533,37.81240410271578,37.40404794949494,13.012395300562792,6.715591964184689,0.4166666666666667
candidate_055,0.25,0.85,0.4,moderate,0.08,0.06,0.08,0.3562002489400503,0.24292943158187685,92.24651399999999,51.268187924627306,40.978326075372685,40.441426921413864,17.84885719114218,7.378563481522242,0.4861111111111111,97.62890361111111,68.3511122649324,29.277791346178716,28.928647191513477,12.327325022350852,8.44301152080103,0.6111111111111112
candidate_026,0.2,0.9,0.3,high,0.12,0.08,0.12,0.3641171726121863,0.3910910944794022,92.24651399999999,133.35796638430438,41.111452384304386,41.87414331531333,22.522649445628815,1.1532057011938512,0.18055555555555555,97.62890361111111,143.92722996525674,46.29832635414563,46.88784685187675,24.0639409000762,8.127980137435458,0.1527777777777778
candidate_088,0.35,0.85,0.35,moderate,0.08,0.06,0.08,0.36604243559150257,0.40555488457517747,92.24651399999999,132.9188096050219,40.6722956050219,41.519865577276825,23.86701574882378,3.1023609304181683,0.2222222222222222,97.62890361111111,144.97165044037806,47.34274682926694,48.004323571771614,28.703319648009966,5.478978394902732,0.1111111111111111
candidate_050,0.25,0.85,0.3,high,0.12,0.08,0.12,0.37570620137967936,0.37108389833897953,92.24651399999999,134.3647990590406,42.1182850590406,42.86985710648634,22.693468998223736,4.482010126228019,0.2222222222222222,97.62890361111111,142.03492802834037,44.40602441722926,45.05993814225588,21.9070975038175,5.993991184909504,0.19444444444444445
candidate_129,0.4,0.85,0.45,low,0.04,0.04,0.04,0.38658459824760766,0.22912721864264174,92.24651399999999,47.99124731122967,44.25526668877032,43.698325155704424,20.10826484549166,7.99977286461224,0.5416666666666666,97.62890361111111,70.2108036572088,27.418099953902313,27.070539068633757,11.582258877095697,9.472076217108338,0.6111111111111112
candidate_128,0.4,0.85,0.4,high,0.12,0.08,0.12,0.3895326791438428,0.30129854867719685,92.24651399999999,47.65977473801862,44.58673926198137,44.066822140572306,21.569952765682356,5.383029839288369,0.4861111111111111,97.62890361111111,60.699126696747584,36.92977691436353,36.542465601970044,15.28064867427309,6.053012201630089,0.4861111111111111
candidate_112,0.4,0.8,0.35,moderate,0.08,0.06,0.08,0.3973704459903804,0.3986916902663677,92.24651399999999,136.15946573226742,43.91295173226743,44.70049220147353,26.950289551015985,3.3002916914594316,0.2222222222222222,97.62890361111111,144.5082309015632,46.87932729045208,47.45423490285328,27.26158065927419,5.122604612945832,0.125
candidate_105,0.35,0.9,0.45,low,0.04,0.04,0.04,0.3981946919070213,0.2417689535843388,92.24651399999999,46.4678198795827,45.77869412041729,45.21107815210188,19.872176218766953,8.544550857600758,0.5694444444444444,97.62890361111111,68.58798473243682,29.04091887867429,28.652023261509857,13.023997523287882,7.674190502061368,0.6388888888888888
candidate_074,0.35,0.8,0.3,high,0.12,0.08,0.12,0.4076749666468412,0.4318846740720096,92.24651399999999,138.55192221591093,46.305408215910944,47.07524205067944,24.726689886681193,0.5501233107134063,0.16666666666666666,97.62890361111111,148.72813989278814,51.09923628167702,51.723107348117985,27.569072070018933,7.251796383044205,0.09722222222222222
candidate_043,0.25,0.8,0.4,moderate,0.08,0.06,0.08,0.4225269598035317,0.2827014783562997,92.24651399999999,43.42100411076064,48.82550988923935,48.25015775187808,20.632800910649973,8.160600426366972,0.4166666666666667,97.62890361111111,63.257075659122584,34.37182795198853,33.958922306534205,14.133973376809527,8.159875507755078,0.4722222222222222
candidate_106,0.35,0.9,0.45,moderate,0.08,0.06,0.08,0.4327645006189484,0.3300725235782461,92.24651399999999,41.90552720878438,50.34098679121561,49.76222447370512,21.65073186673164,4.968700172291985,0.5277777777777778,97.62890361111111,56.59638787333673,41.03251573777438,40.601857471918734,15.000560337070091,6.094100717046139,0.4166666666666667
candidate_068,0.25,0.9,0.4,high,0.12,0.08,0.12,0.44230002112364725,0.3900853743954774,92.24651399999999,40.28714438038709,51.9593696196129,51.40128169233613,20.948916386951062,3.7881506148276394,0.5,97.62890361111111,49.871337665538086,47.75756594557303,47.33729685110313,21.680348945730906,4.223087395304283,0.2638888888888889
candidate_062,0.25,0.9,0.3,high,0.12,0.08,0.12,0.4448339298176387,0.4285355942796061,92.24651399999999,142.2907557551344,50.04424175513441,50.803793407541654,27.73908015223345,2.6570616245523553,0.1111111111111111,97.62890361111111,147.70469528901245,50.075791677901336,50.72567671930571,29.614144450510224,6.991059028698114,0.1111111111111111
candidate_019,0.2,0.85,0.4,moderate,0.08,0.06,0.08,0.4463183051938929,0.3327017565538879,92.24651399999999,40.05887258730266,52.18764141269733,51.60602109050551,19.909779246923335,8.034080307998607,0.5138888888888888,97.62890361111111,57.150606595994226,40.47829701511689,40.05425205513359,17.349369628913777,7.826371254781268,0.3611111111111111
candidate_117,0.4,0.8,0.45,low,0.04,0.04,0.04,0.4478932135519764,0.3057472837793003,92.24651399999999,40.57688331004403,51.66963068995596,51.08622247363739,23.398707725291217,6.13956620479604,0.5416666666666666,97.62890361111111,60.818967006140866,36.80993660497025,36.388633694235885,17.58728495906189,6.706852098403882,0.4861111111111111
candidate_086,0.35,0.85,0.3,high,0.12,0.08,0.12,0.45628749353348447,0.4545160219463827,92.24651399999999,143.22338577466715,50.97687177466716,51.68034947834516,28.809337198344874,4.693835524059946,0.1388888888888889,97.62890361111111,151.91126638760497,54.282362776493855,54.85086517051206,28.951710477793284,4.437792587001528,0.08333333333333333
candidate_092,0.35,0.85,0.4,high,0.12,0.08,0.12,0.4641315651330633,0.3744089844251343,92.24651399999999,37.54417056754391,54.70234343245608,54.14972871833118,22.017339782817107,2.5756424013757346,0.3888888888888889,97.62890361111111,51.48577246821973,46.143131142891384,45.71909622705556,18.71733993777931,6.154875929545675,0.3194444444444444
candidate_093,0.35,0.85,0.45,low,0.04,0.04,0.04,0.4678207436726638,0.33660175577669477,92.24651399999999,38.05267424696541,54.19383975303458,53.613395243060296,23.681223990910805,6.280112828779863,0.5694444444444444,97.62890361111111,56.824088771030226,40.80481484008089,40.36191563840706,18.874370625542618,6.345406573070047,0.4027777777777778
candidate_124,0.4,0.85,0.35,moderate,0.08,0.06,0.08,0.46904465959407443,0.46351382919567663,92.24651399999999,143.73794236917846,51.491428369178465,52.34729953970596,32.383204745828095,5.331261576475985,0.027777777777777776,97.62890361111111,151.7594332779557,54.130529666844595,54.77000020490363,31.909295027867227,8.192495460823071,0.08333333333333333
candidate_100,0.35,0.9,0.35,moderate,0.08,0.06,0.08,0.4731286368512732,0.49493915144095824,92.24651399999999,143.9187883541453,51.672274354145316,52.510333849613744,35.096631469634744,2.4503420740610657,0.027777777777777776,97.62890361111111,155.00458545014496,57.375681839033845,58.02346593622076,36.806445758676574,6.3415424603869965,0.041666666666666664
candidate_003,0.2,0.8,0.35,low,0.04,0.04,0.04,0.4868398104428163,0.5090609428939777,92.24651399999999,145.87961568457297,53.63310168457298,54.46906963874534,34.089835680260876,3.391450859742399,0.041666666666666664,97.62890361111111,156.89869466984842,59.26979105873731,59.92299898122407,36.955364791391915,6.558330459613035,0.041666666666666664
candidate_107,0.35,0.9,0.45,high,0.12,0.08,0.12,0.4879450852678259,0.4146256002300995,92.24651399999999,35.39788865468143,56.84862534531856,56.26758666857882,26.042083925064077,1.540382818388185,0.4444444444444444,97.62890361111111,46.011095848130694,51.61780776298042,51.18338163359871,20.6410328949562,3.2737727883136785,0.3194444444444444
candidate_116,0.4,0.8,0.4,high,0.12,0.08,0.12,0.4932825624805454,0.4143898526463179,92.24651399999999,33.86706739378761,58.37944660621238,57.81859772968971,21.944648479114758,3.892667047765535,0.4305555555555556,97.62890361111111,45.933561137298256,51.69534247381286,51.2835788897604,19.650221322793662,4.425838812152854,0.2638888888888889
candidate_007,0.2,0.8,0.4,moderate,0.08,0.06,0.08,0.5031405937951936,0.3798058650585769,92.24651399999999,33.43284774499287,58.81366625500712,58.22660875459687,24.20540677484908,5.490824711243945,0.3611111111111111,97.62890361111111,50.71838734170434,46.91051626940677,46.46842558402155,17.578443866873783,8.375027001252842,0.3333333333333333
candidate_130,0.4,0.85,0.45,moderate,0.08,0.06,0.08,0.5089578938419405,0.42070518901562215,92.24651399999999,32.96068011874126,59.28583388125873,58.708323107740476,26.660352267858947,2.618150026277277,0.3611111111111111,97.62890361111111,46.39912443773764,51.22977917337347,50.80954113014006,25.229241305756158,2.713521753961487,0.2777777777777778
candidate_110,0.4,0.8,0.3,high,0.12,0.08,0.12,0.5209183274607789,0.46883518342377634,92.24651399999999,150.2947222185909,58.0482082185909,58.81269916935713,33.13429477489423,6.0117234128329,0.06944444444444445,97.62890361111111,153.25937160579733,55.630467994686214,56.19265760518054,29.728277264469547,7.443344801796243,0.08333333333333333
candidate_081,0.35,0.8,0.45,low,0.04,0.04,0.04,0.5225307705860169,0.41010536611905907,92.24651399999999,31.580103476570716,60.66641052342928,60.071646299668295,27.656488516523304,3.525480305288763,0.3333333333333333,97.62890361111111,47.29990269221023,50.32900091890088,49.888396942829516,22.677361324225238,3.8251534517922856,0.19444444444444445
candidate_122,0.4,0.85,0.3,high,0.12,0.08,0.12,0.5320420407571074,0.5527899659319582,92.24651399999999,151.20329875780362,58.95678475780363,59.67293451019634,35.333612973964264,5.635141979354906,0.06944444444444445,97.62890361111111,162.2331531847149,64.60424957360378,65.10628722453826,39.59467948280159,7.008582903439613,0.027777777777777776
candidate_015,0.2,0.85,0.35,low,0.04,0.04,0.04,0.532880275586768,0.5636535159771188,92.24651399999999,150.01943615037501,57.772922150375024,58.60887347525155,40.789994487342426,3.4831556828850267,0.027777777777777776,97.62890361111111,162.23670423444187,64.60780062333076,65.25292691025064,45.27809459660338,5.865138540118313,0.027777777777777776
candidate_032,0.2,0.9,0.4,high,0.12,0.08,0.12,0.5402956340686165,0.480579966543405,92.24651399999999,29.227862637746014,63.018651362253976,62.438164231634566,28.52461818735297,1.6753096385598205,0.3055555555555556,97.62890361111111,37.54273934365864,60.086164267452475,59.64663962567173,23.379639853225196,2.9213343368050317,0.18055555555555555
candidate_080,0.35,0.8,0.4,high,0.12,0.08,0.12,0.545328561882899,0.45969070617353347,92.24651399999999,28.32892649384557,63.91758750615442,63.33624816128672,27.461291681556922,2.154240639281511,0.3055555555555556,97.62890361111111,39.26419971162583,58.364703899485285,57.93184382551561,18.2175205751438,4.885178177634611,0.1527777777777778
candidate_136,0.4,0.9,0.35,moderate,0.08,0.06,0.08,0.5506994177411931,0.5834826731084276,92.24651399999999,152.15786754370856,59.91135354370857,60.66617686299139,41.238589171820315,4.257304036740496,0.0,97.62890361111111,165.7860317476692,68.15712813655809,68.75928286208688,41.69666191135045,7.649128924131819,0.027777777777777776
candidate_098,0.35,0.9,0.3,high,0.12,0.08,0.12,0.5613539292825906,0.5672701060323216,92.24651399999999,154.37418663689704,62.127672636897046,62.827528683394334,38.58030305344924,4.025476283794006,0.013888888888888888,97.62890361111111,163.98611619230138,66.35721258119027,66.90167390173256,41.53275718062574,4.892429302003961,0.013888888888888888
candidate_094,0.35,0.85,0.45,moderate,0.08,0.06,0.08,0.5647851699364066,0.4980192913157518,92.24651399999999,26.67263009963787,65.57388390036212,64.98761953464061,31.661128705630002,0.1208470558200041,0.3055555555555556,97.62890361111111,37.23501680365934,60.39388680745177,59.93038979776536,31.525400532394276,1.5615076906590453,0.08333333333333333
candidate_069,0.25,0.9,0.45,low,0.04,0.04,0.04,0.567511322049199,0.4729746153717584,92.24651399999999,26.978957118146912,65.26755688185308,64.66343803988102,33.99670820787452,0.15339366190883652,0.2638888888888889,97.62890361111111,39.74207740257971,57.8868262085314,57.41703124251782,27.87725665407953,1.972121993472559,0.1527777777777778
candidate_039,0.25,0.8,0.35,low,0.04,0.04,0.04,0.5712424587809278,0.5863283809985919,92.24651399999999,154.31402477681576,62.067510776815766,62.9000946376116,44.59127575392624,1.214668115740274,0.0,97.62890361111111,164.96839410755084,67.33949049643972,67.98292660838928,46.6079926103517,6.224960954048161,0.013888888888888888
candidate_118,0.4,0.8,0.45,moderate,0.08,0.06,0.08,0.5761807103234707,0.5082639936481885,92.24651399999999,25.571113412760546,66.67540058723944,66.08233713580185,33.05820982398576,0.1450544837862573,0.2638888888888889,97.62890361111111,35.76837242687063,61.860531184240486,61.41257069479145,32.022120984506735,0.2645054136996272,0.1111111111111111
candidate_131,0.4,0.85,0.45,high,0.12,0.08,0.12,0.5775552245177106,0.5398346183415376,92.24651399999999,25.27718162802832,66.96933237197167,66.39620068453102,32.54905524650856,0.323953164243985,0.25,97.62890361111111,32.50847819969232,65.1204254114188,64.68351672068921,35.734588711199905,0.8147356245617896,0.05555555555555555
candidate_027,0.2,0.9,0.35,low,0.04,0.04,0.04,0.5813608070605795,0.61583915723887,92.24651399999999,155.54039492061406,63.29388092061407,64.11547921627306,44.45277774167123,2.268360608861908,0.0,97.62890361111111,168.65254134980867,71.02363773869756,71.65736418125793,47.84432283181939,6.79859127929263,0.027777777777777776
candidate_056,0.25,0.85,0.4,high,0.12,0.08,0.12,0.5967593431497387,0.5275107079045713,92.24651399999999,23.35341325744102,68.89310074255897,68.30747760471264,34.83709141022218,0.02786085119038617,0.20833333333333334,97.62890361111111,33.56829913143429,64.06060447967683,63.61404672022102,33.29791073030032,1.0992621387448942,0.06944444444444445
candidate_070,0.25,0.9,0.45,moderate,0.08,0.06,0.08,0.6125806994473277,0.5477277111753698,92.24651399999999,22.89132546003248,69.35518853996751,68.75661287093502,39.31368499531619,2.4670900791533406,0.2222222222222222,97.62890361111111,31.40399354594494,66.22491006516617,65.76717166600184,35.52212610384771,1.26628252879898,0.08333333333333333
candidate_051,0.25,0.85,0.35,low,0.04,0.04,0.04,0.6146699674489786,0.6269870995417438,92.24651399999999,158.23096664828796,65.98445264828797,66.80449155469708,50.372981337168625,2.3243890982416,0.0,97.62890361111111,169.8213566084611,72.19245299734997,72.84223787067094,49.760316244165736,5.628365412626543,0.0
candidate_057,0.25,0.85,0.45,low,0.04,0.04,0.04,0.6227729649153253,0.566985670966716,92.24651399999999,21.5978169789059,70.6486970210941,70.03851469633426,40.127960284356774,1.2150063643579436,0.20833333333333334,97.62890361111111,29.431929941542574,68.19697366956854,67.73131524448611,37.993947726518705,1.3393291195957406,0.013888888888888888
candidate_082,0.35,0.8,0.45,moderate,0.08,0.06,0.08,0.6277446254389445,0.5698905439760678,92.24651399999999,20.438626600514667,71.80788739948532,71.20485006108403,37.954368570465604,2.0161781984581317,0.1527777777777778,97.62890361111111,29.116811845520715,68.5120917655904,68.04583325802007,38.205897504324035,1.5470987683769923,0.027777777777777776
candidate_044,0.25,0.8,0.4,high,0.12,0.08,0.12,0.6298910365083578,0.5795245875098719,92.24651399999999,19.53957836828962,72.70693563171037,72.11187380380831,36.412160176331206,0.767307972547421,0.1527777777777778,97.62890361111111,26.87958872272219,70.74931488838892,70.29015492328142,35.73114455181558,0.22390753311720069,0.027777777777777776
candidate_033,0.2,0.9,0.45,low,0.04,0.04,0.04,0.6338836196214457,0.5649226097212555,92.24651399999999,20.86509507755622,71.38141892244377,70.77410358142036,42.13067458551872,2.322548642218326,0.16666666666666666,97.62890361111111,29.808962075562956,67.81994153554815,67.34536703589464,38.26020698036029,1.4541816617140615,0.013888888888888888
candidate_095,0.35,0.85,0.45,high,0.12,0.08,0.12,0.6409792186111545,0.6068349423112587,92.24651399999999,19.48477923828461,72.76173476171539,72.15551479797749,40.333113562230984,2.798164086104176,0.16666666666666666,97.62890361111111,24.870823769472043,72.75807984163907,72.32322106691988,40.83999721169538,2.5468945295341996,0.013888888888888888
candidate_020,0.2,0.85,0.4,high,0.12,0.08,0.12,0.6483177763454225,0.60207852387008,92.24651399999999,18.22490595829043,74.02160804170956,73.4211513770773,39.481119815131805,2.4381940603189456,0.16666666666666666,97.62890361111111,24.98877429502413,72.64012931608698,72.18592162918054,39.32961333762367,1.7980490617309108,0.041666666666666664
candidate_119,0.4,0.8,0.45,high,0.12,0.08,0.12,0.6500016071275456,0.628695741611976,92.24651399999999,18.50649816457863,73.74001583542136,73.15278384627806,41.08796996324636,2.7158527175523908,0.1527777777777778,97.62890361111111,23.158258432729976,74.47064517838113,74.04478973050188,45.2965585965975,2.9657647633514177,0.013888888888888888
candidate_071,0.25,0.9,0.45,high,0.12,0.08,0.12,0.6535869442910635,0.6049464767541649,92.24651399999999,18.85003485950527,73.39647914049472,72.79542449191673,43.33850675030109,3.9614412050078105,0.16666666666666666,97.62890361111111,25.34835493694176,72.28054867416935,71.83484175521207,41.45388630491541,2.8452666575131946,0.013888888888888888
candidate_063,0.25,0.9,0.35,low,0.04,0.04,0.04,0.6537626860568516,0.678611291967719,92.24651399999999,162.80618751860052,70.55967351860053,71.37783305328477,52.451441702222084,2.2072908488510805,0.0,97.62890361111111,175.79214852073633,78.16324490962522,78.79747010858779,53.518769933270136,6.754946897956906,0.0
candidate_045,0.25,0.8,0.45,low,0.04,0.04,0.04,0.6558518963878232,0.5984347031911463,92.24651399999999,18.27176632099009,73.97474767900991,73.36115528437527,43.08682089017432,2.537616873827382,0.1527777777777778,97.62890361111111,25.74708447561629,71.88181913549482,71.4021412397997,40.21051618389243,1.8506679769123355,0.0
candidate_034,0.2,0.9,0.45,moderate,0.08,0.06,0.08,0.6566499449731152,0.6204034151648311,92.24651399999999,18.44938046826065,73.79713353173935,73.20365326171247,43.84023642340607,2.9599765266964475,0.18055555555555555,97.62890361111111,23.929077954635616,73.6998256564755,73.23475540517487,43.947561697657825,3.061824828921848,0.0
candidate_058,0.25,0.85,0.45,moderate,0.08,0.06,0.08,0.6674533910683786,0.6180692184615566,92.24651399999999,17.268042225273838,74.97847177472616,74.37780445249157,44.627547251823486,3.099757214222919,0.1527777777777778,97.62890361111111,24.193295742017263,73.43560786909384,72.9594904355577,43.915046908360765,2.7251462252427476,0.013888888888888888
candidate_021,0.2,0.85,0.45,low,0.04,0.04,0.04,0.6680254029879915,0.6317319569012804,92.24651399999999,17.459272406913417,74.78724159308658,74.17136967842004,45.63742073661521,2.984294052703728,0.1527777777777778,97.62890361111111,23.222705474579694,74.40619813653142,73.92404123120755,46.87443763823259,3.3661133148615026,0.0
candidate_134,0.4,0.9,0.3,high,0.12,0.08,0.12,0.6766697829160487,0.6943012602193858,92.24651399999999,166.47923680241888,74.23272280241889,74.97028919584174,48.97160029468257,4.78810984156787,0.0,97.62890361111111,177.39861917631592,79.7697155652048,80.28048187016263,55.532953615331806,7.107876160822066,0.0
candidate_035,0.2,0.9,0.45,high,0.12,0.08,0.12,0.6844893739245017,0.6600008979964634,92.24651399999999,15.50785962396453,76.73865437603546,76.13604180722182,45.71802587580612,4.317485183951382,0.09722222222222222,97.62890361111111,19.67966827911007,77.94923533200104,77.48039886722418,47.70657424937285,4.46593587662421,0.013888888888888888
candidate_075,0.35,0.8,0.35,low,0.04,0.04,0.04,0.6864625797890229,0.6925265553344276,92.24651399999999,165.87689397711085,73.63037997711086,74.42395597965518,57.07806438354551,1.685071156614331,0.0,97.62890361111111,177.22828533468854,79.59938172357742,80.22674364468297,56.62631958602108,4.089367148948401,0.0
candidate_008,0.2,0.8,0.4,high,0.12,0.08,0.12,0.6925899953949975,0.6355257669191581,92.24651399999999,14.650705978068636,77.59580802193136,77.00737727750527,46.89811825358511,3.3943112650211837,0.08333333333333333,97.62890361111111,21.127510275917043,76.50139333519407,76.03615233126717,42.09413898268127,1.921909607375735,0.0
candidate_083,0.35,0.8,0.45,high,0.12,0.08,0.12,0.6936800672584559,0.6673842394226821,92.24651399999999,14.764482840681163,77.48203115931882,76.90437462662415,47.4251140807291,4.115375413827577,0.09722222222222222,97.62890361111111,19.234618531234222,78.3942850798769,77.98164571816625,49.724555750162665,4.382407166530339,0.0
candidate_022,0.2,0.85,0.45,moderate,0.08,0.06,0.08,0.6939973730902875,0.671390927195182,92.24651399999999,14.530178459888042,77.71633554011194,77.10732232341606,46.958141663357196,3.780284861605953,0.08333333333333333,97.62890361111111,18.87298639423348,78.75591721687763,78.29640330366739,50.62645864722965,4.076048135552281,0.0
candidate_009,0.2,0.8,0.45,low,0.04,0.04,0.04,0.6980897670582028,0.654742845332533,92.24651399999999,14.441833334705823,77.80468066529417,77.18941797112043,48.418010966609955,4.032844847067571,0.06944444444444445,97.62890361111111,20.50381846133335,77.12508514977776,76.64460917607579,48.494118259479016,3.555618737197511,0.0
candidate_046,0.25,0.8,0.45,moderate,0.08,0.06,0.08,0.7056207179021717,0.6695529432712409,92.24651399999999,13.583611362911505,78.66290263708848,78.05939494905601,48.72372448631177,4.331516114365517,0.027777777777777776,97.62890361111111,18.780666898120607,78.84823671299051,78.37758420841918,49.41337636022166,4.089419161688705,0.0
candidate_059,0.25,0.85,0.45,high,0.12,0.08,0.12,0.7112982399029488,0.6867257315762625,92.24651399999999,13.103163195561441,79.14335080443855,78.55019174576577,49.48025848849974,4.666755492439705,0.013888888888888888,97.62890361111111,17.0560690874684,80.57283452364271,80.13119956891946,51.38269027982517,4.771667714945815,0.0
candidate_010,0.2,0.8,0.45,moderate,0.08,0.06,0.08,0.724319951249966,0.692647554180658,92.24651399999999,11.73426945985102,80.51224454014897,79.89847361237378,50.839640786612975,4.429339199762174,0.027777777777777776,97.62890361111111,15.722039940694154,81.90686367041695,81.4319697887143,49.74460510952558,4.574191828039938,0.0
candidate_023,0.2,0.85,0.45,high,0.12,0.08,0.12,0.734678459281876,0.7099864873435994,92.24651399999999,11.034673718118986,81.21184028188101,80.60465817614052,52.73207411986269,5.286192847898679,0.0,97.62890361111111,14.780587215619493,82.84831639549162,82.40366406445338,54.603086939958914,5.119265559832652,0.0
candidate_047,0.25,0.8,0.45,high,0.12,0.08,0.12,0.7394716609839795,0.712712197269894,92.24651399999999,10.467504527944778,81.77900947205521,81.1731416735202,52.85115164586832,5.49612917583355,0.0,97.62890361111111,14.213131089882886,83.41577252122823,82.97131679859616,54.049939323035545,4.913957109168281,0.0
candidate_087,0.35,0.85,0.35,low,0.04,0.04,0.04,0.7473848818723433,0.7365961112660273,92.24651399999999,172.47491780220125,80.22840380220126,81.01634185842717,61.51715074164371,2.8335264509934603,0.0,97.62890361111111,182.6346229646378,85.00571935352669,85.6315720502149,58.156571628581524,6.21289699753213,0.0
candidate_111,0.4,0.8,0.35,low,0.04,0.04,0.04,0.7532287141122126,0.7531311477252963,92.24651399999999,172.642535458314,80.39602145831401,81.1879303129212,64.24553482086392,1.584239229098138,0.0,97.62890361111111,184.14038338562318,86.51147977451207,87.14352422814528,61.517483311205254,5.078246099906291,0.0
candidate_011,0.2,0.8,0.45,high,0.12,0.08,0.12,0.7555652355314033,0.7458761281502946,92.24651399999999,8.677304177232074,83.56920982276792,82.96851353395674,53.96841786731905,5.563027001623341,0.0,97.62890361111111,11.109155219447052,86.51974839166407,86.04571105084955,58.852481924638255,6.03257697125,0.0
candidate_013,0.2,0.85,0.3,moderate,0.08,0.06,0.08,0.7785831068287148,0.792511192799196,92.24651399999999,176.48490303116506,84.23838903116507,84.99995766529136,62.73226394421138,1.178601950491199,0.0,97.62890361111111,187.86309444987708,90.23419083876597,90.84935012112501,68.748937768442,3.0448789110506063,0.0
candidate_001,0.2,0.8,0.3,moderate,0.08,0.06,0.08,0.7888763165706324,0.7576803614366674,92.24651399999999,177.88231829901991,85.63580429901992,86.41560665793467,63.098850371020596,0.11306507554510503,0.0,97.62890361111111,184.37307058930813,86.74416697819701,87.33175638244111,63.23273027518001,4.571426838972805,0.0
candidate_037,0.25,0.8,0.3,moderate,0.08,0.06,0.08,0.8098506141176892,0.802860353995756,92.24651399999999,180.52355459060107,88.27704059060108,89.04150644735881,63.33867041890253,0.5311705172530736,0.0,97.62890361111111,190.02351034674675,92.39460673563563,92.9946910962424,66.24911013354509,3.0630828162855366,0.0
candidate_123,0.4,0.85,0.35,low,0.04,0.04,0.04,0.821113092604614,0.8301876511684496,92.24651399999999,179.92762813690558,87.68111413690559,88.46743987967668,69.79031074023105,2.1339691296191674,0.0,97.62890361111111,193.05423824748357,95.42533463637245,96.06612950686629,67.25984750162323,6.4040771165048085,0.0
candidate_099,0.35,0.9,0.35,low,0.04,0.04,0.04,0.8265747032263377,0.8190496681432898,92.24651399999999,180.1882669449977,87.94175294499772,88.72950280838543,70.65788964011975,3.608924778449115,0.0,97.62890361111111,191.99201930548082,94.36311569436971,94.97850807467941,65.27221156075095,7.00449710587376,0.0
candidate_049,0.25,0.85,0.3,moderate,0.08,0.06,0.08,0.8295099799156956,0.7946064228424197,92.24651399999999,181.53347569531468,89.28696169531469,90.0295802326485,68.49227541656529,1.3442107106613221,0.0,97.62890361111111,188.65235311986822,91.02344950875711,91.60363888605276,66.97720563669094,3.1965073666030257,0.0
candidate_135,0.4,0.9,0.35,low,0.04,0.04,0.04,0.8642240520473241,0.8938039687168043,92.24651399999999,184.29580947764418,92.0492954776442,92.81306322055558,73.55382029800997,3.854432866394287,0.0,97.62890361111111,200.76964429496329,103.14074068385217,103.75474941516856,71.01367027254281,7.063467930472864,0.0
candidate_025,0.2,0.9,0.3,moderate,0.08,0.06,0.08,0.8692528488597016,0.805828339723812,92.24651399999999,185.9837443292711,93.73723032927111,94.4934944455858,71.86893733241138,0.06630365825600393,0.0,97.62890361111111,190.0173109994048,92.38840738829369,92.9684185168309,67.97655698978748,2.5993795410035396,0.0
candidate_061,0.25,0.9,0.3,moderate,0.08,0.06,0.08,0.8798432305721138,0.8623250293855927,92.24651399999999,187.0591815264087,94.81266752640872,95.58966771634472,72.10937382355058,1.7747880609548616,0.0,97.62890361111111,196.40785449962536,98.77895088851425,99.33602592458864,72.070490533713,4.892146876134159,0.0
candidate_073,0.35,0.8,0.3,moderate,0.08,0.06,0.08,0.9100398420238757,0.886812186691121,92.24651399999999,190.07108083421076,97.82456683421077,98.57126941510602,75.54008100002875,1.7611439863613292,0.0,97.62890361111111,198.67258584934365,101.04368223823253,101.63018485048228,75.77889356424258,5.4551956295240345,0.0
candidate_109,0.4,0.8,0.3,moderate,0.08,0.06,0.08,0.9422520779928389,0.9040780951773724,92.24651399999999,193.52376190126742,101.27724790126743,102.036446308112,77.9597582590543,2.4364471968629644,0.0,97.62890361111111,201.801849786828,104.17294617571689,104.77360923785756,74.1066347470733,3.7159817303696485,0.0
candidate_085,0.35,0.85,0.3,moderate,0.08,0.06,0.08,0.957386644563892,0.9332973050742195,92.24651399999999,194.336190244435,102.089676244435,102.83387925709472,82.93204360842066,0.8034766522251928,0.0,97.62890361111111,204.6168357510404,106.9879321399293,107.56926365541727,77.4431853613691,5.912701885044186,0.0
candidate_097,0.35,0.9,0.3,moderate,0.08,0.06,0.08,0.9902861410950844,0.9540216044993719,92.24651399999999,198.02376948047348,105.77725548047349,106.50640329352521,84.22254067896608,2.795704531460842,0.0,97.62890361111111,207.06259393014776,109.43369031903664,110.01184338539348,79.15508267368085,5.6094524393571525,0.0
candidate_121,0.4,0.85,0.3,moderate,0.08,0.06,0.08,0.9960579239182833,0.9545063963795275,92.24651399999999,198.24971194124677,106.00319794124678,106.73808927128924,86.94775518941907,1.0735879427166246,0.0,97.62890361111111,206.76796757524582,109.1390639641347,109.71611861899648,80.24171926249838,5.97460677216489,0.0
candidate_133,0.4,0.9,0.3,moderate,0.08,0.06,0.08,1.0288262975898388,1.0631695186433539,92.24651399999999,201.60561746834094,109.35910346834095,110.06708191818969,89.67194374397167,2.428836750940288,0.0,97.62890361111111,219.05050278752097,121.42159917640986,121.98232759230379,90.8630290087224,4.881671286985256,0.0
candidate_000,0.2,0.8,0.3,low,0.04,0.04,0.04,1.1624035567538802,1.0992606459513603,92.24651399999999,214.9835147113744,122.7370007113744,123.50605264124347,104.35800864531892,2.4791076225344924,0.0,97.62890361111111,222.46574566398172,124.83684205287061,125.45558701225383,97.88261782855456,2.0261240450694515,0.0
candidate_012,0.2,0.85,0.3,low,0.04,0.04,0.04,1.206313106059799,1.1351259919545644,92.24651399999999,218.8893815453282,126.64286754532822,127.40449411681443,111.17548260105141,2.0266838171712678,0.0,97.62890361111111,226.82998504822697,129.20108143711587,129.81484140842787,99.27428234991939,3.7205258620607573,0.0
candidate_036,0.25,0.8,0.3,low,0.04,0.04,0.04,1.2096399854270274,1.137085888224199,92.24651399999999,219.93993051169016,127.69341651169017,128.45941028443465,109.7407704724003,0.6002775480478704,0.0,97.62890361111111,226.616557818991,128.98765420787987,129.59845873684372,101.48157021625181,2.7207545798775854,0.0
candidate_024,0.2,0.9,0.3,low,0.04,0.04,0.04,1.2277248306883306,1.1801210085393619,92.24651399999999,221.69779382940982,129.45127982940983,130.22233851174508,112.2062950394658,0.03416223174841093,0.0,97.62890361111111,231.68766207486573,134.0587584637546,134.67176711076493,104.30050292131676,3.594365214924153,0.0
candidate_048,0.25,0.85,0.3,low,0.04,0.04,0.04,1.2468397364437176,1.1738498952145737,92.24651399999999,224.0869626973522,131.8404486973522,132.6024781595604,112.06582163772097,1.246334223688848,0.0,97.62890361111111,230.382506247955,132.75360263684388,133.3615519304136,106.126767574801,2.9681558967315453,0.0
candidate_060,0.25,0.9,0.3,low,0.04,0.04,0.04,1.2791051608124444,1.224442133385517,92.24651399999999,227.0395147314642,134.79300073146422,135.55278803590897,116.85007962354369,0.7792886151250045,0.0,97.62890361111111,236.57911099187538,138.95020738076425,139.56116765872198,108.94897692425786,3.3326239680192202,0.0
candidate_072,0.35,0.8,0.3,low,0.04,0.04,0.04,1.2820693011901054,1.2226064051444354,92.24651399999999,227.072858135887,134.826344135887,135.58713683945643,118.39030271107413,0.19724127975171513,0.0,97.62890361111111,236.09658831211775,138.46768470100665,139.07440470757064,110.29115543904449,2.244325020186043,0.0
candidate_108,0.4,0.8,0.3,low,0.04,0.04,0.04,1.3251832573320639,1.2575433534035731,92.24651399999999,232.05412488328543,139.80761088328543,140.5670057824318,120.51659082224998,0.850413925114033,0.0,97.62890361111111,239.15914414834666,141.53024053723556,142.13703260371074,117.34965553635729,0.7978133627572355,0.0
candidate_084,0.35,0.85,0.3,low,0.04,0.04,0.04,1.332880736962675,1.2646062000435292,92.24651399999999,232.44763659408656,140.20112259408657,140.9515566276158,123.06202504902033,0.12802228510713576,0.0,97.62890361111111,240.4015455563597,142.7726419452486,143.36154362170598,116.07137945939502,1.5976613739583172,0.0
candidate_120,0.4,0.85,0.3,low,0.04,0.04,0.04,1.3759401554091275,1.2994028898135093,92.24651399999999,236.77852734326157,144.53201334326158,145.28124107825514,127.58546686607968,0.4887316186281936,0.0,97.62890361111111,244.80594375762635,147.17704014651525,147.76343816924316,116.90295417473726,3.0816103841221363,0.0
candidate_096,0.35,0.9,0.3,low,0.04,0.04,0.04,1.3884315071050422,1.3305188656406643,92.24651399999999,238.0639553343191,145.8174413343191,146.5733464250883,129.04102446977168,0.08576357536339785,0.0,97.62890361111111,248.60590946099734,150.9770058498862,151.5613876619504,117.96678848177169,4.737408421065844,0.0
candidate_132,0.4,0.9,0.3,low,0.04,0.04,0.04,1.4588514371086627,1.396961611183997,92.24651399999999,245.68825164533595,153.44173764533596,154.1683258598913,134.44748320744935,0.9359947030049334,0.0,97.62890361111111,255.50276506634762,157.87386145523652,158.45401826478212,126.71921999542758,3.8324426656744883,0.0
